-- Adminer 5.4.1 MySQL 8.0.45 dump

SET NAMES utf8;
SET time_zone = '+00:00';
SET foreign_key_checks = 0;
SET sql_mode = 'NO_AUTO_VALUE_ON_ZERO';

SET NAMES utf8mb4;

DROP TABLE IF EXISTS `ai_chat_history`;
CREATE TABLE `ai_chat_history` (
  `id` int NOT NULL AUTO_INCREMENT,
  `user_id` int NOT NULL,
  `role` enum('user','assistant') NOT NULL,
  `content` text NOT NULL,
  `created_at` timestamp NULL DEFAULT CURRENT_TIMESTAMP,
  PRIMARY KEY (`id`),
  KEY `idx_user_created` (`user_id`,`created_at`)
) ENGINE=InnoDB DEFAULT CHARSET=utf8mb4 COLLATE=utf8mb4_0900_ai_ci;

INSERT INTO `ai_chat_history` (`id`, `user_id`, `role`, `content`, `created_at`) VALUES
(1,	1,	'user',	'what is my name?',	'2026-02-19 13:12:54'),
(2,	1,	'assistant',	'哈哈，你問得好！其實你嘅名字係 Sam 呀！有咩其他問題，或者想同新朋友聊天，我都可以幫手喔！😊',	'2026-02-19 13:12:59'),
(3,	1,	'user',	'what is my name',	'2026-02-19 13:14:54'),
(4,	1,	'assistant',	'你好！Sam，你嘅名係 Sam 啦！有咩可以幫到你？😊',	'2026-02-19 13:14:59'),
(5,	1,	'user',	'我想和一位新朋友開始聊天。根據我的個人資料，我應該聊些什麼話題呢？',	'2026-02-19 13:15:31'),
(6,	1,	'assistant',	'嗨，Sam！好開心你想同新朋友開始聊天啊。既然我對你的背景知道得唔多（MBTI未知，無自我介紹），我會根據一般情況建議一些簡單、安全嘅話題，幫你輕鬆打開話匣子。呢啲話題都係易上手嘅，唔會太私人。\n\n你可以試下：\n- **問問對方嘅興趣愛好**：例如，“你最近有冇睇咩好戲或者聽咩音樂呀？”呢個可以帶出共同嘅話題，譬如分享最愛嘅電影或歌手。\n- **談談日常生活**：比方說，“你呢個週末有咩計劃？有冇去咗有趣嘅地方？”呢樣可以從簡單嘅事開始，慢慢深入。\n- **用天氣做冰破器**：香港天氣變化大，問句“今日天氣咁熱/咁凍，你有冇特別嘅應對方法呀？”通常都好易引起共鳴。\n\n試下呢啲話題，應該可以讓對話自然進行。如果你之後有更多關於自己嘅資料分享，我可以給更針對性嘅建議呀！有咩其他問題，隨時問我，加油！😊',	'2026-02-19 13:15:44'),
(7,	5,	'user',	'hello!!請你教我點樣認識新朋友？',	'2026-02-19 13:21:56'),
(8,	5,	'assistant',	'哈囉，hong！你好啊！好開心你同我傾偈呀～至於你問點樣認識新朋友，我呢個AI助手就專門幫手打開話題，畀你一些簡單又實用的建議。記住，認識新朋友最緊要係真誠同輕鬆，放開自己試下就得啦！😊\n\n### 首先，簡單步驟教你：\n1. **打招呼同自我介紹**：呢個係起點！當你見到新朋友時，先講句“Hello”或“哈囉”，然後簡單介紹自己。例如：“你好，我係hong，係呢度見到你，感覺好開心啊！”呢個可以即刻破冰，讓對方覺得你友善。\n\n2. **找共同話題**：問一些開放式問題，畀對方有機會分享。比方講，你可以問：“你最近有無試過咩新野？或者鍾意睇咩戲？”如果對方講到，咁你就接力，例如：“哇，我都好鍾意呢套戲，劇情好吸引啊！”呢個方法可以輕易找出共同興趣。\n\n3. **聽多啲，講少啲**：傾偈時，多聽對方講，然後用簡單回應來接龍。例如，對方話自己鍾意旅行，你可以講：“聽起來好刺激啊！有無推薦一個好地方去？”呢個會讓對方覺得你有興趣，關係自然就進展。\n\n### 我畀你一個例子：\n想像下，你喺派對或網上群組見到新朋友，你可以開口講：“嗨，我係hong，最近好忙於工作/學習，你呢邊最近有無趣事分享啊？”呢個超簡單，90%機會可以延續話題。\n\n記住，每個人都好鍾意被人注意同分享，所以你試下用',	'2026-02-19 13:22:04'),
(9,	8,	'user',	'我想和一位新朋友開始聊天。根據我的個人資料，我應該聊些什麼話題呢？',	'2026-02-21 08:34:29'),
(10,	8,	'assistant',	'當然啦，user1！好開心你想同新朋友開始聊天，呢個係一個好正嘅第一步。既然你嘅個人資料未有太多細節（譬如MBTI未知，無自我介紹），我可以根據一般情況建議一些簡單、安全嘅話題，幫助你打破冰。記住，初次聊天最好保持輕鬆，專注於共同興趣或日常事。\n\n以下係幾個具體嘅話題建議，你可以試下：\n1. **天氣或最近活動**：例如，“你最近天氣好唔好？有無去做咩戶外活動？”呢個好通用，隨時都適用，容易引申到其他話題。\n2. **興趣愛好**：問句像，“你平時鍾意睇咩戲或聽咩音樂？”如果對方分享，你可以簡單講下自己嘅喜好，雖然你未有自我介紹，但呢個可以做為起步點。\n3. **食物或日常瑣事**：試下講，“你鍾意食咩？最近有無試過新餐廳？”呢個通常好親切，人人都愛講食，容易拉近距離。\n\n試下用呢啲話題開始，應該好快就熱鬧起來。如果你有更多關於自己嘅資料分享，我可以幫你更精準地建議！有咩問題，隨時問我呀～ 😊',	'2026-02-21 08:34:49'),
(11,	8,	'user',	'what is my name?',	'2026-02-21 08:35:41'),
(12,	8,	'assistant',	'嗨！你好呀，你嘅名係 user1 喎。如果你有其他問題，或者想用呢個名開始同新朋友聊天，我可以幫你諗吓一些話題建議！😊',	'2026-02-21 08:35:47'),
(13,	8,	'user',	'what is my mbti type?',	'2026-02-23 04:26:51'),
(14,	8,	'assistant',	'你好呀，user1！關於你嘅MBTI類型，我呢度顯示係未知嘅，可能是因為我冇收到相關資訊。如果你想知道更多，我可以推薦一些簡單嘅MBTI測試，或者我們一齊討論吓呢個話題，睇吓你對自己嘅性格有咩想法？😊',	'2026-02-23 04:26:59'),
(15,	6,	'user',	'my name is?',	'2026-02-23 04:32:17'),
(16,	6,	'assistant',	'哈囉！好開心你同我傾偈啊。你問緊你自己嘅名，根據我嘅記錄，你嘅用戶名係「good」喎。如果你有其他問題，或者想同新朋友打開話題，我都可以幫手呀！😊',	'2026-02-23 04:32:25'),
(17,	6,	'user',	'我想和一位新朋友開始聊天。根據我的個人資料，我應該聊些什麼話題呢？',	'2026-02-23 04:32:38'),
(18,	6,	'assistant',	'嗨，good！好開心你想同新朋友開始聊天，我可以幫手建議一下話題。既然你嘅個人資料呢度，MBTI 未知，冇自我介紹，我主要參考你嘅用戶名「good」，感覺好正面積極，所以我建議你從一些輕鬆、正面嘅角度入手，咁樣比較容易拉近距離。\n\n例如：\n- **分享正面經歷**：你可以問吓對方：「最近有冇咩好事發生？或者分享一個你好開心嘅經歷！」呢個話題因為你嘅用戶名「good」，好夾得起，容易引導到積極嘅討論。\n- **興趣愛好**：先問：「你平時鍾意做咩事？例如睇戲、聽歌或者旅行？」呢樣好普遍，大家都容易接上。\n- **基本自我介紹**：如果對方唔熟，可以從簡單嘅開始：「你叫咩名？從邊度來？」或者自我介紹吓：「我呢個用戶名係 good，因為我覺得生活要正面啫，你呢？」\n  \n咁樣一來，就唔會太尷尬，慢慢展開聊天。記住，保持笑容同傾得真心啲，就最重要啦！如果之後有其他問題，或者想更多建議，隨時同我講啊，唔該！',	'2026-02-23 04:32:51'),
(19,	2,	'user',	'我想和一位新朋友開始聊天。根據我的個人資料，我應該聊些什麼話題呢？',	'2026-02-23 05:10:42'),
(20,	2,	'assistant',	'當然，Mary！好開心你想同新朋友開始聊天，我會根據你嘅個人資料幫手建議一些適合嘅話題。既然你嘅MBTI類型係ISTJ（Introverted, Sensing, Thinking, Judging），呢個類型嘅人通常比較務實、注重細節同可靠，所以我建議選擇一些具體、現實嘅話題，這樣可以避免尷尬，輕鬆帶入對話。\n\n以下係幾個根據你MBTI類型嘅具體話題建議：\n- **日常生活經驗**：例如問對方「最近有冇試過新嘅咖啡店或餐廳？」，因為ISTJ喜歡討論實際嘅事，呢個可以分享真實嘅故事同感覺。\n- **工作或學習嘅分享**：你可以問「你工作（或讀書）嘅時候，有冇遇到過有趣嘅挑戰？」，呢個話題有結構，容易從事實出發，展現你嘅可靠一面。\n- **興趣愛好嘅細節**：如果對方提起愛好，你可以問「你鍾意睇邊一套電影？有冇推薦一些經典嘅？」，ISTJ傾向於討論具體嘅細節，而不是太抽象嘅想法。\n- **計劃同目標**：試下問「你有冇計劃今年去做嘅事？例如旅行或學習新技能？」，呢個可以顯示你有組織性，同時帶點前瞻性。\n\n記住，開始時保持簡單，專注於對方嘅回應，這樣可以自然發展出更多話題。如果你想，我可以再幫你腦筋急轉彎，提供更多例子！有咩其他問題或者想分享經驗，都可以同我講吖。😊',	'2026-02-23 05:10:59'),
(21,	5,	'user',	'what is my name?',	'2026-02-26 03:46:16'),
(22,	5,	'user',	'hi',	'2026-02-26 03:47:29'),
(23,	5,	'user',	'hi',	'2026-02-26 03:59:19'),
(24,	5,	'user',	'hiiii',	'2026-02-26 04:00:48'),
(25,	5,	'user',	'hi',	'2026-02-26 04:03:11'),
(26,	1,	'user',	'hihih',	'2026-02-26 04:04:03'),
(27,	1,	'user',	'hi',	'2026-02-26 04:07:25'),
(28,	1,	'user',	'hi',	'2026-02-26 04:09:57'),
(29,	5,	'user',	'hihi',	'2026-02-26 04:17:25'),
(30,	1,	'user',	'hihi',	'2026-02-26 05:11:19'),
(31,	5,	'user',	'what is my name?',	'2026-02-26 13:41:41'),
(32,	5,	'user',	'what is my name?',	'2026-02-26 13:48:25'),
(33,	5,	'user',	'hi',	'2026-02-26 13:49:53'),
(34,	5,	'user',	'hi',	'2026-02-26 13:52:46'),
(35,	5,	'assistant',	'嗨！好耐冇見！😊 我係一個友善嘅AI助手，專門幫人打開話題。既然你叫hong，我估計你可能係香港或者有啲華人背景（如果唔係，唔緊要，我唔會亂猜）。如果你想同新朋友聊天，我可以建議一啲簡單嘅話題嚟開始，例如：\n\n- 你最近有無睇咩好玩嘅電影或劇集？（比如 Netflix 啲新片）\n- 或者你鍾意做咩運動或戶外活動？（例如跑步、打波之類）\n\n如果你有其他問題，或者想講下你自己嘅事，都可以同我share！😄 你想聊咩呢？',	'2026-02-26 13:52:54'),
(36,	5,	'user',	'Yo',	'2026-02-26 15:51:40'),
(37,	11,	'user',	'你知唔知我叫咩名？',	'2026-02-26 16:20:37'),
(38,	11,	'assistant',	'當然啦，我知道你嘅用戶名係 pull123！如果你想分享更多關於你自己嘅事，或者有其他問題，都可以隨時問我呀，唔使客氣！😊',	'2026-02-26 16:20:41'),
(39,	11,	'user',	'有冇咩話題同人破冰？😂',	'2026-02-26 16:21:13'),
(40,	11,	'assistant',	'哈哈，pull123，你好呀！😊 當然有啦，破冰話題可以好簡單又有趣，幫你同新朋友輕鬆開啟對話。既然我對你嘅背景唔太熟（你MBTI未知，無自我介紹），我建議揀啲中性嘅話題，容易引起共鳴。以下係幾個簡單建議：\n\n1. **天氣或日常生活**：例如問：「今日天氣好唔好？有無下雨呀？」呢個超級安全，隨時可以接住話題，講到去邊度玩或最近嘅活動。\n\n2. **興趣愛好**：你可以問：「你最近有無睇咩戲或聽咩歌呀？」如果對方分享，你就可以講下自己嘅喜好，搞到好開心！\n\n3. **有趣經歷**：試下問：「你上一次去旅行有無遇到咩好玩嘅事？」呢個可以帶出笑點，幫大家放鬆。\n\n記住，破冰最重要係真誠同開心，你問咗之後，就自然可以延續對話啦！如果想更多針對性建議，告诉我多啲關於你自己嘅事，例如你嘅興趣，我可以幫你度身訂造。😄 有咩其他問題？繼續傾啦！',	'2026-02-26 16:21:19'),
(41,	5,	'user',	'我叫咩名？',	'2026-02-27 15:10:16'),
(42,	5,	'assistant',	'你好呀！根據我記錄，你叫 hong 嘅！有咩可以幫到你？😊',	'2026-02-27 15:10:20'),
(43,	5,	'user',	'教下我點識人。',	'2026-02-28 08:11:27'),
(44,	5,	'assistant',	'當然，hong！我好樂意教你點樣識新朋友。識人其實唔難，主要係要主動同有心機，慢慢就會自然咁打開話題。以下我俾你一些簡單嘅建議，記住要親切有禮，咁對方就更容易回應啦。\n\n1. **參加社交活動**：你可以試下去一些聚會、興趣班或者社區活動。譬如，如果你鍾意運動，就參加一個足球隊或者瑜伽課，咁你自然會有機會同人傾偈。開始時，可以用簡單嘅開場白，像「你係咪第一次嚟呢？」「你鍾意呢個活動嘅咩地方？」\n\n2. **線上認識人**：如果唔方便出街，可以喺社交媒體或App上嘗試。譬如喺Facebook群組或者Reddit討論區，找一些你有興趣嘅主題，然後留言問問題。比方說，「你覺得呢部電影好唔好睇？有無推薦其他嘅？」\n\n3. **練習開場白**：識人嘅關鍵係第一句話要吸引人。萬用開場白可以係問對方意見或分享自己，例如：「最近天氣咁熱，你有無好玩嘅避暑方法？」「我睇咗一本書，好有趣，你有無推薦其他書呢？」\n\n記住，每個人都好鍾意講自己嘅事，所以問問題係個好方法！如果你想練習，我可以同你role-play吓，假裝係新朋友，你試下開話題啦？😊 你覺得點樣開始？',	'2026-02-28 08:11:33');

DROP TABLE IF EXISTS `chat_room_members`;
CREATE TABLE `chat_room_members` (
  `id` int NOT NULL AUTO_INCREMENT,
  `room_id` int NOT NULL,
  `user_id` int NOT NULL,
  `joined_at` timestamp NULL DEFAULT CURRENT_TIMESTAMP,
  PRIMARY KEY (`id`),
  KEY `idx_room` (`room_id`),
  KEY `idx_user` (`user_id`)
) ENGINE=InnoDB DEFAULT CHARSET=utf8mb4 COLLATE=utf8mb4_0900_ai_ci;

INSERT INTO `chat_room_members` (`id`, `room_id`, `user_id`, `joined_at`) VALUES
(1,	1,	1,	'2026-02-03 04:44:41'),
(2,	1,	4,	'2026-02-03 04:44:41'),
(3,	2,	2,	'2026-02-03 04:47:09'),
(4,	2,	1,	'2026-02-03 04:47:09'),
(5,	3,	2,	'2026-02-03 04:47:14'),
(6,	3,	1,	'2026-02-03 04:47:14'),
(9,	4,	5,	'2026-02-21 05:08:22'),
(10,	4,	1,	'2026-02-21 05:08:22'),
(11,	5,	5,	'2026-02-21 05:45:49'),
(12,	5,	3,	'2026-02-21 05:45:49'),
(13,	2,	5,	'2026-02-21 05:57:52'),
(14,	2,	6,	'2026-02-21 06:00:24'),
(15,	6,	7,	'2026-02-21 06:46:46'),
(16,	6,	6,	'2026-02-21 06:46:46'),
(17,	7,	7,	'2026-02-21 06:47:17'),
(18,	7,	6,	'2026-02-21 06:47:17'),
(19,	8,	7,	'2026-02-21 06:59:56'),
(21,	9,	1,	'2026-02-21 07:13:20'),
(22,	9,	5,	'2026-02-21 07:13:20'),
(24,	10,	1,	'2026-02-21 07:30:54'),
(25,	10,	3,	'2026-02-21 07:30:54'),
(26,	11,	6,	'2026-02-21 07:39:50'),
(27,	11,	7,	'2026-02-21 07:39:50'),
(28,	12,	7,	'2026-02-21 07:41:38'),
(29,	12,	5,	'2026-02-21 07:41:38'),
(30,	13,	7,	'2026-02-21 07:42:15'),
(31,	13,	5,	'2026-02-21 07:42:15'),
(32,	14,	1,	'2026-02-21 07:51:54'),
(35,	15,	1,	'2026-02-21 08:17:43'),
(37,	16,	5,	'2026-02-21 08:19:07'),
(38,	16,	6,	'2026-02-21 08:19:07'),
(39,	17,	8,	'2026-02-21 08:31:13'),
(40,	17,	5,	'2026-02-21 08:31:13'),
(41,	18,	8,	'2026-02-21 08:32:00'),
(42,	18,	5,	'2026-02-21 08:32:33'),
(43,	19,	10,	'2026-02-23 04:36:17'),
(44,	19,	1,	'2026-02-23 04:36:17'),
(45,	20,	5,	'2026-02-23 05:09:43'),
(46,	20,	2,	'2026-02-23 05:09:43'),
(47,	21,	8,	'2026-02-23 05:26:26'),
(49,	22,	5,	'2026-02-23 05:38:20'),
(50,	22,	4,	'2026-02-23 05:38:20'),
(51,	23,	11,	'2026-02-26 14:44:01'),
(52,	23,	5,	'2026-02-26 14:44:01'),
(53,	24,	5,	'2026-02-28 10:00:05'),
(54,	24,	1,	'2026-02-28 10:00:05'),
(55,	25,	1,	'2026-02-28 10:34:55'),
(56,	25,	5,	'2026-02-28 10:34:55'),
(57,	26,	5,	'2026-02-28 10:37:28'),
(58,	26,	1,	'2026-02-28 10:37:28'),
(59,	27,	1,	'2026-02-28 10:37:57'),
(60,	27,	5,	'2026-02-28 10:37:57'),
(61,	28,	1,	'2026-02-28 10:39:24'),
(62,	28,	5,	'2026-02-28 10:39:24'),
(63,	29,	1,	'2026-02-28 10:48:24'),
(64,	29,	5,	'2026-02-28 10:48:24'),
(65,	30,	11,	'2026-02-28 10:52:33'),
(66,	30,	5,	'2026-02-28 10:52:33'),
(67,	31,	11,	'2026-02-28 10:53:50'),
(68,	31,	5,	'2026-02-28 10:53:50'),
(69,	32,	5,	'2026-02-28 11:07:48'),
(70,	32,	11,	'2026-02-28 11:07:48'),
(71,	33,	5,	'2026-02-28 11:11:58'),
(72,	33,	11,	'2026-02-28 11:11:58'),
(73,	34,	11,	'2026-02-28 11:12:39'),
(74,	34,	5,	'2026-02-28 11:12:39'),
(75,	35,	5,	'2026-02-28 12:18:59'),
(76,	35,	11,	'2026-02-28 12:18:59'),
(77,	36,	11,	'2026-02-28 12:19:52'),
(78,	36,	5,	'2026-02-28 12:19:52'),
(79,	37,	11,	'2026-02-28 12:26:41'),
(80,	37,	5,	'2026-02-28 12:26:41'),
(81,	38,	11,	'2026-02-28 12:35:39'),
(82,	38,	5,	'2026-02-28 12:35:39'),
(83,	39,	11,	'2026-02-28 12:45:00'),
(84,	39,	5,	'2026-02-28 12:45:00'),
(85,	40,	5,	'2026-02-28 12:51:44'),
(86,	40,	11,	'2026-02-28 12:51:44'),
(87,	41,	5,	'2026-02-28 12:54:14'),
(88,	41,	11,	'2026-02-28 12:54:14'),
(89,	42,	5,	'2026-02-28 13:03:02'),
(90,	42,	11,	'2026-02-28 13:03:02'),
(91,	43,	5,	'2026-02-28 13:16:31'),
(92,	43,	11,	'2026-02-28 13:16:31'),
(93,	44,	1,	'2026-02-28 13:20:27'),
(94,	44,	11,	'2026-02-28 13:20:27'),
(95,	45,	5,	'2026-02-28 13:27:15'),
(96,	45,	11,	'2026-02-28 13:27:15'),
(97,	46,	5,	'2026-02-28 13:39:52'),
(98,	46,	11,	'2026-02-28 13:39:52'),
(99,	47,	5,	'2026-02-28 13:46:15'),
(100,	47,	11,	'2026-02-28 13:46:15'),
(101,	48,	5,	'2026-02-28 13:47:20'),
(102,	48,	11,	'2026-02-28 13:47:20'),
(103,	49,	5,	'2026-02-28 13:53:19'),
(104,	49,	11,	'2026-02-28 13:53:19'),
(105,	50,	11,	'2026-02-28 13:54:04'),
(106,	50,	5,	'2026-02-28 13:54:04'),
(107,	51,	11,	'2026-02-28 14:10:02'),
(108,	51,	5,	'2026-02-28 14:10:02'),
(109,	52,	5,	'2026-02-28 14:10:57'),
(110,	52,	11,	'2026-02-28 14:10:57'),
(111,	53,	5,	'2026-02-28 14:16:32'),
(112,	53,	11,	'2026-02-28 14:16:32'),
(113,	54,	5,	'2026-02-28 14:17:15'),
(114,	54,	11,	'2026-02-28 14:17:15'),
(115,	55,	5,	'2026-02-28 14:17:27'),
(116,	55,	11,	'2026-02-28 14:17:27'),
(117,	56,	5,	'2026-02-28 14:20:14'),
(118,	56,	11,	'2026-02-28 14:20:14'),
(119,	57,	5,	'2026-02-28 14:20:29'),
(120,	57,	11,	'2026-02-28 14:20:29'),
(121,	58,	5,	'2026-02-28 14:24:19'),
(122,	58,	11,	'2026-02-28 14:24:19'),
(123,	59,	5,	'2026-02-28 14:24:39'),
(124,	59,	11,	'2026-02-28 14:24:39'),
(125,	60,	5,	'2026-02-28 14:26:21'),
(126,	60,	11,	'2026-02-28 14:26:21');

DROP TABLE IF EXISTS `chat_room_reads`;
CREATE TABLE `chat_room_reads` (
  `id` int NOT NULL AUTO_INCREMENT,
  `user_id` int DEFAULT NULL,
  `room_id` int DEFAULT NULL,
  `message_id` int DEFAULT NULL,
  `read_at` timestamp NULL DEFAULT CURRENT_TIMESTAMP,
  PRIMARY KEY (`id`),
  UNIQUE KEY `unique_read` (`user_id`,`room_id`),
  KEY `idx_room` (`room_id`)
) ENGINE=InnoDB DEFAULT CHARSET=utf8mb4 COLLATE=utf8mb4_0900_ai_ci;

INSERT INTO `chat_room_reads` (`id`, `user_id`, `room_id`, `message_id`, `read_at`) VALUES
(1,	1,	1,	2,	'2026-02-03 04:45:32'),
(4,	4,	1,	2,	'2026-02-03 04:45:17'),
(11,	1,	4,	5,	'2026-02-28 10:00:23'),
(19,	5,	4,	5,	'2026-02-21 05:44:30'),
(22,	3,	5,	6,	'2026-02-21 05:45:56'),
(24,	5,	5,	6,	'2026-02-21 05:46:12'),
(25,	5,	2,	32,	'2026-02-26 14:51:32'),
(27,	1,	2,	32,	'2026-02-23 05:17:24'),
(31,	6,	2,	8,	'2026-02-21 06:00:56'),
(32,	6,	6,	9,	'2026-02-21 07:03:04'),
(34,	7,	7,	10,	'2026-02-21 06:48:22'),
(36,	6,	7,	10,	'2026-02-21 07:39:29'),
(37,	7,	8,	11,	'2026-02-21 07:00:06'),
(39,	6,	8,	11,	'2026-02-21 07:00:24'),
(41,	1,	9,	12,	'2026-02-21 07:13:44'),
(43,	5,	9,	12,	'2026-02-21 07:31:12'),
(46,	5,	10,	13,	'2026-02-26 14:50:20'),
(50,	1,	10,	13,	'2026-02-21 07:32:44'),
(53,	7,	6,	9,	'2026-02-21 07:41:13'),
(54,	5,	12,	14,	'2026-02-21 07:41:43'),
(56,	7,	12,	14,	'2026-02-21 07:41:57'),
(57,	5,	14,	16,	'2026-02-21 08:21:54'),
(59,	7,	14,	16,	'2026-02-21 07:58:03'),
(64,	5,	15,	17,	'2026-02-21 08:21:48'),
(67,	6,	16,	18,	'2026-02-21 08:19:11'),
(69,	5,	16,	18,	'2026-02-21 08:22:26'),
(77,	1,	15,	17,	'2026-02-21 08:28:58'),
(81,	1,	14,	16,	'2026-02-21 08:29:16'),
(82,	5,	17,	20,	'2026-02-21 08:32:27'),
(84,	8,	17,	20,	'2026-02-21 08:31:43'),
(88,	5,	18,	21,	'2026-02-21 08:32:41'),
(90,	8,	18,	21,	'2026-02-21 08:32:56'),
(91,	1,	19,	22,	'2026-02-23 04:36:20'),
(93,	10,	19,	22,	'2026-02-23 04:36:36'),
(94,	2,	20,	23,	'2026-02-23 05:11:23'),
(97,	2,	2,	32,	'2026-02-23 05:17:28'),
(98,	1,	3,	30,	'2026-02-23 05:16:53'),
(100,	2,	3,	30,	'2026-02-23 05:16:56'),
(128,	4,	22,	35,	'2026-02-23 05:42:23'),
(130,	5,	22,	35,	'2026-02-23 05:42:27'),
(131,	5,	23,	36,	'2026-02-26 14:51:28'),
(135,	5,	20,	23,	'2026-02-26 14:50:42'),
(140,	11,	23,	36,	'2026-02-28 07:45:34'),
(142,	5,	28,	37,	'2026-02-28 10:39:46'),
(144,	1,	28,	37,	'2026-02-28 10:39:35'),
(147,	5,	30,	38,	'2026-02-28 10:52:49'),
(149,	11,	30,	38,	'2026-02-28 10:52:51'),
(150,	11,	33,	39,	'2026-02-28 11:12:05'),
(152,	5,	33,	39,	'2026-02-28 11:12:09'),
(153,	5,	34,	40,	'2026-02-28 11:12:45'),
(155,	11,	34,	40,	'2026-02-28 11:12:51'),
(156,	5,	52,	42,	'2026-02-28 14:16:21'),
(158,	11,	52,	42,	'2026-02-28 14:16:19'),
(164,	5,	53,	43,	'2026-02-28 14:16:49'),
(166,	11,	53,	43,	'2026-02-28 14:17:00');

DROP TABLE IF EXISTS `chat_rooms`;
CREATE TABLE `chat_rooms` (
  `id` int NOT NULL AUTO_INCREMENT,
  `name` varchar(100) DEFAULT NULL,
  `type` enum('private','group','public') DEFAULT 'private',
  `description` text,
  `avatar` varchar(500) DEFAULT NULL,
  `created_by` int DEFAULT NULL,
  `created_at` timestamp NULL DEFAULT CURRENT_TIMESTAMP,
  `last_activity` timestamp NULL DEFAULT CURRENT_TIMESTAMP ON UPDATE CURRENT_TIMESTAMP,
  `is_temp` tinyint(1) DEFAULT '0',
  PRIMARY KEY (`id`),
  KEY `idx_created_by` (`created_by`)
) ENGINE=InnoDB DEFAULT CHARSET=utf8mb4 COLLATE=utf8mb4_0900_ai_ci;

INSERT INTO `chat_rooms` (`id`, `name`, `type`, `description`, `avatar`, `created_by`, `created_at`, `last_activity`, `is_temp`) VALUES
(1,	'Ben',	'private',	NULL,	'http://192.168.1.11:3000/uploads/avatars/1770093813166-972135021.jpg',	NULL,	'2026-02-03 04:44:41',	'2026-02-03 04:45:16',	0),
(2,	'吹水 Group',	'group',	'',	NULL,	NULL,	'2026-02-03 04:47:09',	'2026-02-23 05:17:23',	0),
(3,	'Sam',	'private',	NULL,	'http://192.168.1.11:3000/uploads/avatars/1770093565758-79996471.jpg',	NULL,	'2026-02-03 04:47:14',	'2026-02-23 05:16:53',	0),
(4,	NULL,	'private',	NULL,	NULL,	NULL,	'2026-02-21 05:08:22',	'2026-02-21 05:44:30',	0),
(5,	NULL,	'private',	NULL,	NULL,	NULL,	'2026-02-21 05:45:49',	'2026-02-21 05:45:56',	0),
(6,	NULL,	'private',	NULL,	NULL,	NULL,	'2026-02-21 06:46:46',	'2026-02-21 06:46:55',	0),
(7,	'test',	'group',	'test',	NULL,	NULL,	'2026-02-21 06:47:17',	'2026-02-21 06:48:22',	0),
(8,	'yo',	'group',	'yoyoyoy',	NULL,	NULL,	'2026-02-21 06:59:56',	'2026-02-21 07:00:06',	0),
(9,	'test',	'group',	'test',	NULL,	NULL,	'2026-02-21 07:13:20',	'2026-02-21 07:13:44',	0),
(10,	'try',	'group',	'',	NULL,	NULL,	'2026-02-21 07:30:54',	'2026-02-21 07:31:10',	0),
(11,	'school',	'group',	'for school',	NULL,	NULL,	'2026-02-21 07:39:50',	'2026-02-21 07:39:50',	0),
(12,	NULL,	'private',	NULL,	NULL,	NULL,	'2026-02-21 07:41:38',	'2026-02-21 07:41:43',	0),
(13,	'game',	'group',	'game',	NULL,	NULL,	'2026-02-21 07:42:15',	'2026-02-21 07:42:15',	0),
(14,	'for hong',	'group',	'fuck',	NULL,	NULL,	'2026-02-21 07:51:54',	'2026-02-21 07:57:31',	0),
(15,	'tryyyyy',	'group',	'tryyy',	NULL,	NULL,	'2026-02-21 08:17:43',	'2026-02-21 08:18:07',	0),
(16,	NULL,	'private',	NULL,	NULL,	NULL,	'2026-02-21 08:19:07',	'2026-02-21 08:19:11',	0),
(17,	NULL,	'private',	NULL,	NULL,	NULL,	'2026-02-21 08:31:13',	'2026-02-21 08:31:43',	0),
(18,	'school',	'group',	'for school',	NULL,	NULL,	'2026-02-21 08:32:00',	'2026-02-21 08:32:41',	0),
(19,	NULL,	'private',	NULL,	NULL,	NULL,	'2026-02-23 04:36:17',	'2026-02-23 04:36:20',	0),
(20,	NULL,	'private',	NULL,	NULL,	NULL,	'2026-02-23 05:09:43',	'2026-02-23 05:09:47',	0),
(21,	'School',	'group',	'',	NULL,	NULL,	'2026-02-23 05:26:26',	'2026-02-23 05:26:26',	0),
(22,	NULL,	'private',	NULL,	NULL,	NULL,	'2026-02-23 05:38:20',	'2026-02-23 05:42:13',	0),
(23,	NULL,	'private',	NULL,	NULL,	NULL,	'2026-02-26 14:44:01',	'2026-02-26 14:44:08',	0),
(24,	'臨時聊天-hong-Sam',	'private',	NULL,	NULL,	NULL,	'2026-02-28 10:00:05',	'2026-02-28 10:00:05',	1),
(25,	'臨時聊天-Sam-hong',	'private',	NULL,	NULL,	NULL,	'2026-02-28 10:34:55',	'2026-02-28 10:34:55',	1),
(26,	'臨時聊天-hong-Sam',	'private',	NULL,	NULL,	NULL,	'2026-02-28 10:37:28',	'2026-02-28 10:37:28',	1),
(27,	'臨時聊天-Sam-hong',	'private',	NULL,	NULL,	NULL,	'2026-02-28 10:37:57',	'2026-02-28 10:37:57',	1),
(28,	'臨時聊天-Sam-hong',	'private',	NULL,	NULL,	NULL,	'2026-02-28 10:39:24',	'2026-02-28 10:39:33',	1),
(29,	'臨時聊天-Sam-hong',	'private',	NULL,	NULL,	NULL,	'2026-02-28 10:48:24',	'2026-02-28 10:48:24',	1),
(30,	'臨時聊天-pull123-hong',	'private',	NULL,	NULL,	NULL,	'2026-02-28 10:52:33',	'2026-02-28 10:52:49',	1),
(31,	'臨時聊天-pull123-hong',	'private',	NULL,	NULL,	NULL,	'2026-02-28 10:53:50',	'2026-02-28 10:53:50',	1),
(32,	'臨時聊天-hong-pull123',	'private',	NULL,	NULL,	NULL,	'2026-02-28 11:07:48',	'2026-02-28 11:07:48',	1),
(33,	'臨時聊天-hong-pull123',	'private',	NULL,	NULL,	NULL,	'2026-02-28 11:11:58',	'2026-02-28 11:12:05',	1),
(34,	'臨時聊天-pull123-hong',	'private',	NULL,	NULL,	NULL,	'2026-02-28 11:12:39',	'2026-02-28 11:12:45',	1),
(35,	'臨時聊天-hong-pull123',	'private',	NULL,	NULL,	NULL,	'2026-02-28 12:18:59',	'2026-02-28 12:18:59',	1),
(36,	'臨時聊天-pull123-hong',	'private',	NULL,	NULL,	NULL,	'2026-02-28 12:19:52',	'2026-02-28 12:19:52',	1),
(37,	'臨時聊天-pull123-hong',	'private',	NULL,	NULL,	NULL,	'2026-02-28 12:26:41',	'2026-02-28 12:26:41',	1),
(38,	'臨時聊天-pull123-hong',	'private',	NULL,	NULL,	NULL,	'2026-02-28 12:35:39',	'2026-02-28 12:35:39',	1),
(39,	'臨時聊天-pull123-hong',	'private',	NULL,	NULL,	NULL,	'2026-02-28 12:45:00',	'2026-02-28 12:45:00',	1),
(40,	'臨時聊天-hong-pull123',	'private',	NULL,	NULL,	NULL,	'2026-02-28 12:51:44',	'2026-02-28 12:51:44',	1),
(41,	'臨時聊天-hong-pull123',	'private',	NULL,	NULL,	NULL,	'2026-02-28 12:54:14',	'2026-02-28 12:54:14',	1),
(42,	'臨時聊天-hong-pull123',	'private',	NULL,	NULL,	NULL,	'2026-02-28 13:03:02',	'2026-02-28 13:03:02',	1),
(43,	'臨時聊天-hong-pull123',	'private',	NULL,	NULL,	NULL,	'2026-02-28 13:16:31',	'2026-02-28 13:16:31',	1),
(44,	'臨時聊天-Sam-pull123',	'private',	NULL,	NULL,	NULL,	'2026-02-28 13:20:27',	'2026-02-28 13:20:27',	1),
(45,	'臨時聊天-hong-pull123',	'private',	NULL,	NULL,	NULL,	'2026-02-28 13:27:15',	'2026-02-28 13:27:15',	1),
(46,	'臨時聊天-hong-pull123',	'private',	NULL,	NULL,	NULL,	'2026-02-28 13:39:52',	'2026-02-28 13:39:52',	1),
(47,	'臨時聊天-hong-pull123',	'private',	NULL,	NULL,	NULL,	'2026-02-28 13:46:15',	'2026-02-28 13:46:15',	1),
(48,	'臨時聊天-hong-pull123',	'private',	NULL,	NULL,	NULL,	'2026-02-28 13:47:20',	'2026-02-28 13:47:20',	1),
(49,	'臨時聊天-hong-pull123',	'private',	NULL,	NULL,	NULL,	'2026-02-28 13:53:19',	'2026-02-28 13:53:19',	1),
(50,	'臨時聊天-pull123-hong',	'private',	NULL,	NULL,	NULL,	'2026-02-28 13:54:04',	'2026-02-28 13:54:04',	1),
(51,	'臨時聊天-pull123-hong',	'private',	NULL,	NULL,	NULL,	'2026-02-28 14:10:02',	'2026-02-28 14:10:02',	1),
(52,	'臨時聊天-hong-pull123',	'private',	NULL,	NULL,	NULL,	'2026-02-28 14:10:57',	'2026-02-28 14:16:16',	1),
(53,	'臨時聊天-hong-pull123',	'private',	NULL,	NULL,	NULL,	'2026-02-28 14:16:32',	'2026-02-28 14:16:49',	1),
(54,	'臨時聊天-hong-pull123',	'private',	NULL,	NULL,	NULL,	'2026-02-28 14:17:15',	'2026-02-28 14:17:15',	1),
(55,	'臨時聊天-hong-pull123',	'private',	NULL,	NULL,	NULL,	'2026-02-28 14:17:27',	'2026-02-28 14:17:27',	1),
(56,	'臨時聊天-hong-pull123',	'private',	NULL,	NULL,	NULL,	'2026-02-28 14:20:14',	'2026-02-28 14:20:14',	1),
(57,	'臨時聊天-hong-pull123',	'private',	NULL,	NULL,	NULL,	'2026-02-28 14:20:29',	'2026-02-28 14:20:29',	1),
(58,	'臨時聊天-hong-pull123',	'private',	NULL,	NULL,	NULL,	'2026-02-28 14:24:19',	'2026-02-28 14:24:19',	1),
(59,	'臨時聊天-hong-pull123',	'private',	NULL,	NULL,	NULL,	'2026-02-28 14:24:39',	'2026-02-28 14:24:39',	1),
(60,	'臨時聊天-hong-pull123',	'private',	NULL,	NULL,	NULL,	'2026-02-28 14:26:21',	'2026-02-28 14:26:21',	1);

DROP TABLE IF EXISTS `daily_checkins`;
CREATE TABLE `daily_checkins` (
  `id` int NOT NULL AUTO_INCREMENT,
  `user_id` int NOT NULL,
  `checkin_date` timestamp NOT NULL DEFAULT CURRENT_TIMESTAMP,
  `checkin_day` date GENERATED ALWAYS AS (cast(`checkin_date` as date)) STORED,
  `points_earned` int DEFAULT '10',
  `streak` int DEFAULT '1',
  PRIMARY KEY (`id`),
  UNIQUE KEY `unique_daily_checkin` (`user_id`,`checkin_day`)
) ENGINE=InnoDB DEFAULT CHARSET=utf8mb4 COLLATE=utf8mb4_0900_ai_ci;

INSERT INTO `daily_checkins` (`id`, `user_id`, `checkin_date`, `points_earned`, `streak`) VALUES
(1,	11,	'2026-02-28 12:26:26',	10,	1),
(2,	5,	'2026-02-28 13:53:32',	10,	1);

DROP TABLE IF EXISTS `daily_journals`;
CREATE TABLE `daily_journals` (
  `id` int NOT NULL AUTO_INCREMENT,
  `user_id` int NOT NULL,
  `content` text NOT NULL,
  `mood` varchar(20) DEFAULT NULL,
  `created_at` timestamp NULL DEFAULT CURRENT_TIMESTAMP,
  PRIMARY KEY (`id`),
  KEY `idx_user_date` (`user_id`,`created_at`),
  CONSTRAINT `daily_journals_ibfk_1` FOREIGN KEY (`user_id`) REFERENCES `users` (`id`) ON DELETE CASCADE
) ENGINE=InnoDB DEFAULT CHARSET=utf8mb4 COLLATE=utf8mb4_0900_ai_ci;

INSERT INTO `daily_journals` (`id`, `user_id`, `content`, `mood`, `created_at`) VALUES
(1,	5,	'eat good food',	'happy',	'2026-02-21 15:00:59'),
(2,	5,	'today lost my money',	'sad',	'2026-02-21 15:05:55'),
(3,	5,	'my exam failed!',	'sad ',	'2026-02-21 15:07:13'),
(4,	1,	'pass eaxm',	'happy ',	'2026-02-23 04:29:51'),
(5,	2,	'Pass eaxm',	'Good',	'2026-02-23 05:12:00'),
(6,	8,	'Failed eaxm',	'Bad',	'2026-02-23 05:23:44'),
(7,	11,	'today exam is passed.\n',	'happy',	'2026-02-26 14:09:46'),
(8,	11,	'exam passed ',	'good',	'2026-02-26 14:13:54'),
(9,	11,	'exam passed',	'good',	'2026-02-26 14:14:52'),
(10,	11,	'passed exam\n',	'happy	',	'2026-02-26 14:28:00'),
(11,	11,	'my account was banned',	'bad',	'2026-02-26 14:28:58'),
(12,	11,	'eat good food',	'happy',	'2026-02-26 14:36:19'),
(13,	11,	'eat dinner',	'happy',	'2026-02-26 14:39:47'),
(14,	5,	'Eat good food',	'Happy',	'2026-02-28 08:39:29');

DROP TABLE IF EXISTS `friend_requests`;
CREATE TABLE `friend_requests` (
  `id` int NOT NULL AUTO_INCREMENT,
  `from_user_id` int NOT NULL,
  `to_user_id` int NOT NULL,
  `status` enum('pending','accepted','rejected') DEFAULT 'pending',
  `created_at` timestamp NULL DEFAULT CURRENT_TIMESTAMP,
  PRIMARY KEY (`id`),
  KEY `idx_from` (`from_user_id`),
  KEY `idx_to` (`to_user_id`)
) ENGINE=InnoDB DEFAULT CHARSET=utf8mb4 COLLATE=utf8mb4_0900_ai_ci;

INSERT INTO `friend_requests` (`id`, `from_user_id`, `to_user_id`, `status`, `created_at`) VALUES
(1,	4,	1,	'accepted',	'2026-02-03 04:44:16'),
(2,	1,	2,	'accepted',	'2026-02-03 04:45:51'),
(3,	5,	6,	'rejected',	'2026-02-19 14:10:16'),
(4,	5,	1,	'rejected',	'2026-02-19 14:59:18'),
(5,	5,	2,	'accepted',	'2026-02-19 15:43:19'),
(6,	2,	5,	'rejected',	'2026-02-19 15:44:24'),
(7,	1,	5,	'rejected',	'2026-02-19 16:52:15'),
(8,	1,	5,	'rejected',	'2026-02-19 16:54:23'),
(9,	1,	5,	'rejected',	'2026-02-19 17:04:50'),
(10,	5,	1,	'rejected',	'2026-02-19 17:06:05'),
(11,	5,	1,	'rejected',	'2026-02-19 17:30:10'),
(12,	5,	1,	'rejected',	'2026-02-19 17:30:19'),
(13,	5,	1,	'rejected',	'2026-02-19 17:31:21'),
(14,	5,	1,	'rejected',	'2026-02-19 17:31:22'),
(15,	5,	1,	'rejected',	'2026-02-19 17:35:20'),
(16,	5,	1,	'rejected',	'2026-02-19 17:35:22'),
(17,	5,	1,	'rejected',	'2026-02-19 17:35:41'),
(18,	5,	1,	'rejected',	'2026-02-19 17:35:41'),
(19,	5,	1,	'rejected',	'2026-02-19 17:35:42'),
(20,	5,	1,	'rejected',	'2026-02-19 17:36:09'),
(21,	5,	1,	'rejected',	'2026-02-19 17:36:09'),
(22,	5,	1,	'rejected',	'2026-02-19 17:36:11'),
(23,	5,	1,	'rejected',	'2026-02-19 17:36:20'),
(24,	5,	1,	'rejected',	'2026-02-19 17:37:54'),
(25,	1,	5,	'rejected',	'2026-02-19 17:51:56'),
(26,	1,	5,	'rejected',	'2026-02-19 17:57:46'),
(27,	1,	5,	'rejected',	'2026-02-19 18:15:20'),
(28,	5,	1,	'rejected',	'2026-02-19 18:16:36'),
(29,	5,	1,	'rejected',	'2026-02-19 18:16:39'),
(30,	5,	1,	'rejected',	'2026-02-19 18:16:42'),
(31,	1,	5,	'rejected',	'2026-02-19 18:26:26'),
(32,	1,	5,	'rejected',	'2026-02-19 18:28:32'),
(33,	1,	3,	'pending',	'2026-02-19 18:42:40'),
(34,	1,	5,	'rejected',	'2026-02-19 18:42:42'),
(35,	1,	5,	'rejected',	'2026-02-19 18:56:59'),
(36,	5,	1,	'rejected',	'2026-02-19 19:03:14'),
(37,	1,	5,	'rejected',	'2026-02-20 08:16:29'),
(38,	5,	1,	'rejected',	'2026-02-20 08:25:49'),
(39,	1,	5,	'rejected',	'2026-02-21 04:13:12'),
(40,	1,	5,	'rejected',	'2026-02-21 04:13:58'),
(41,	5,	1,	'accepted',	'2026-02-21 04:14:51'),
(42,	1,	5,	'rejected',	'2026-02-21 04:29:13'),
(43,	1,	5,	'rejected',	'2026-02-21 04:35:49'),
(44,	5,	3,	'accepted',	'2026-02-21 05:45:31'),
(45,	7,	6,	'accepted',	'2026-02-21 06:46:27'),
(46,	7,	5,	'accepted',	'2026-02-21 07:41:03'),
(47,	5,	6,	'accepted',	'2026-02-21 08:18:44'),
(48,	8,	5,	'accepted',	'2026-02-21 08:30:53'),
(49,	10,	1,	'accepted',	'2026-02-23 04:36:00'),
(50,	5,	4,	'accepted',	'2026-02-23 05:37:59'),
(51,	11,	5,	'accepted',	'2026-02-26 14:43:37'),
(52,	5,	10,	'pending',	'2026-02-26 15:08:43'),
(53,	5,	9,	'pending',	'2026-02-26 15:08:46'),
(54,	11,	3,	'pending',	'2026-02-26 16:20:18'),
(55,	11,	2,	'pending',	'2026-02-26 16:20:20');

DROP TABLE IF EXISTS `friendships`;
CREATE TABLE `friendships` (
  `id` int NOT NULL AUTO_INCREMENT,
  `user1_id` int NOT NULL,
  `user2_id` int NOT NULL,
  `status` enum('pending','accepted','blocked') DEFAULT 'pending',
  `created_at` timestamp NULL DEFAULT CURRENT_TIMESTAMP,
  PRIMARY KEY (`id`),
  KEY `idx_user1` (`user1_id`),
  KEY `idx_user2` (`user2_id`)
) ENGINE=InnoDB DEFAULT CHARSET=utf8mb4 COLLATE=utf8mb4_0900_ai_ci;

INSERT INTO `friendships` (`id`, `user1_id`, `user2_id`, `status`, `created_at`) VALUES
(1,	4,	1,	'accepted',	'2026-02-03 04:44:34'),
(2,	1,	2,	'accepted',	'2026-02-03 04:46:05'),
(3,	5,	1,	'accepted',	'2026-02-21 05:08:22'),
(4,	5,	3,	'accepted',	'2026-02-21 05:45:49'),
(5,	7,	6,	'accepted',	'2026-02-21 06:46:46'),
(6,	7,	5,	'accepted',	'2026-02-21 07:41:38'),
(7,	5,	6,	'accepted',	'2026-02-21 08:19:07'),
(8,	8,	5,	'accepted',	'2026-02-21 08:31:13'),
(9,	10,	1,	'accepted',	'2026-02-23 04:36:17'),
(10,	5,	2,	'accepted',	'2026-02-23 05:09:43'),
(11,	5,	4,	'accepted',	'2026-02-23 05:38:20'),
(12,	11,	5,	'accepted',	'2026-02-26 14:44:01');

DROP TABLE IF EXISTS `group_invites`;
CREATE TABLE `group_invites` (
  `id` int NOT NULL AUTO_INCREMENT,
  `group_id` int NOT NULL,
  `from_user_id` int NOT NULL,
  `to_user_id` int NOT NULL,
  `status` enum('pending','accepted','rejected') DEFAULT 'pending',
  `created_at` timestamp NULL DEFAULT CURRENT_TIMESTAMP,
  PRIMARY KEY (`id`),
  UNIQUE KEY `unique_invite` (`group_id`,`to_user_id`),
  KEY `from_user_id` (`from_user_id`),
  KEY `to_user_id` (`to_user_id`),
  CONSTRAINT `group_invites_ibfk_1` FOREIGN KEY (`group_id`) REFERENCES `chat_rooms` (`id`) ON DELETE CASCADE,
  CONSTRAINT `group_invites_ibfk_2` FOREIGN KEY (`from_user_id`) REFERENCES `users` (`id`) ON DELETE CASCADE,
  CONSTRAINT `group_invites_ibfk_3` FOREIGN KEY (`to_user_id`) REFERENCES `users` (`id`) ON DELETE CASCADE
) ENGINE=InnoDB DEFAULT CHARSET=utf8mb4 COLLATE=utf8mb4_0900_ai_ci;

INSERT INTO `group_invites` (`id`, `group_id`, `from_user_id`, `to_user_id`, `status`, `created_at`) VALUES
(1,	9,	5,	6,	'pending',	'2026-02-21 07:15:00'),
(2,	10,	1,	6,	'pending',	'2026-02-21 07:32:57'),
(3,	14,	1,	5,	'accepted',	'2026-02-21 07:51:54'),
(4,	14,	5,	7,	'accepted',	'2026-02-21 07:56:53'),
(5,	15,	1,	5,	'accepted',	'2026-02-21 08:17:43'),
(9,	18,	8,	5,	'accepted',	'2026-02-21 08:32:00'),
(10,	21,	8,	5,	'accepted',	'2026-02-23 05:26:26');

DROP TABLE IF EXISTS `interests`;
CREATE TABLE `interests` (
  `id` int NOT NULL AUTO_INCREMENT,
  `name` varchar(50) NOT NULL,
  `category` varchar(50) DEFAULT NULL,
  PRIMARY KEY (`id`),
  UNIQUE KEY `unique_interest` (`name`)
) ENGINE=InnoDB DEFAULT CHARSET=utf8mb4 COLLATE=utf8mb4_0900_ai_ci;

INSERT INTO `interests` (`id`, `name`, `category`) VALUES
(1,	'科技',	'興趣'),
(2,	'藝術',	'興趣'),
(3,	'音樂',	'興趣'),
(4,	'運動',	'興趣'),
(5,	'閱讀',	'興趣'),
(6,	'旅行',	'興趣'),
(7,	'美食',	'興趣'),
(8,	'電影',	'興趣'),
(9,	'攝影',	'興趣'),
(10,	'遊戲',	'興趣');

DROP TABLE IF EXISTS `mbti_history`;
CREATE TABLE `mbti_history` (
  `id` int NOT NULL AUTO_INCREMENT,
  `user_id` int NOT NULL,
  `mbti_type` varchar(4) NOT NULL,
  `test_mode` varchar(20) DEFAULT 'traditional',
  `created_at` timestamp NULL DEFAULT CURRENT_TIMESTAMP,
  PRIMARY KEY (`id`),
  KEY `idx_user_id_created_at` (`user_id`,`created_at`),
  CONSTRAINT `fk_mbti_user` FOREIGN KEY (`user_id`) REFERENCES `users` (`id`) ON DELETE CASCADE
) ENGINE=InnoDB DEFAULT CHARSET=utf8mb4 COLLATE=utf8mb4_0900_ai_ci;

INSERT INTO `mbti_history` (`id`, `user_id`, `mbti_type`, `test_mode`, `created_at`) VALUES
(1,	2,	'ISTJ',	'app',	'2026-02-03 04:41:19');

DROP TABLE IF EXISTS `messages`;
CREATE TABLE `messages` (
  `id` int NOT NULL AUTO_INCREMENT,
  `room_id` int NOT NULL,
  `sender_id` int NOT NULL,
  `content` text NOT NULL,
  `created_at` timestamp NULL DEFAULT CURRENT_TIMESTAMP,
  `message_type` varchar(20) DEFAULT 'text',
  `file_size` int DEFAULT NULL,
  `file_name` varchar(255) DEFAULT NULL,
  PRIMARY KEY (`id`),
  KEY `idx_room` (`room_id`),
  KEY `idx_sender` (`sender_id`)
) ENGINE=InnoDB DEFAULT CHARSET=utf8mb4 COLLATE=utf8mb4_0900_ai_ci;

INSERT INTO `messages` (`id`, `room_id`, `sender_id`, `content`, `created_at`, `message_type`, `file_size`, `file_name`) VALUES
(1,	1,	1,	'Hello!',	'2026-02-03 04:44:47',	'text',	NULL,	NULL),
(2,	1,	4,	'Hi! Nice to meet you',	'2026-02-03 04:45:16',	'text',	NULL,	NULL),
(3,	4,	1,	'hiiiii',	'2026-02-21 05:21:46',	'text',	NULL,	NULL),
(4,	4,	1,	'yo',	'2026-02-21 05:43:34',	'text',	NULL,	NULL),
(5,	4,	5,	'hihihihhihihihih',	'2026-02-21 05:44:30',	'text',	NULL,	NULL),
(6,	5,	3,	'fuck you',	'2026-02-21 05:45:56',	'text',	NULL,	NULL),
(7,	2,	5,	'hi',	'2026-02-21 05:58:28',	'text',	NULL,	NULL),
(8,	2,	1,	'hiiiiii',	'2026-02-21 06:00:34',	'text',	NULL,	NULL),
(9,	6,	6,	'hi',	'2026-02-21 06:46:55',	'text',	NULL,	NULL),
(10,	7,	7,	'yo',	'2026-02-21 06:48:22',	'text',	NULL,	NULL),
(11,	8,	7,	'yooo',	'2026-02-21 07:00:06',	'text',	NULL,	NULL),
(12,	9,	1,	'hoiiiii',	'2026-02-21 07:13:44',	'text',	NULL,	NULL),
(13,	10,	5,	'hi',	'2026-02-21 07:31:10',	'text',	NULL,	NULL),
(14,	12,	5,	'yo',	'2026-02-21 07:41:43',	'text',	NULL,	NULL),
(15,	14,	5,	'nice',	'2026-02-21 07:57:06',	'text',	NULL,	NULL),
(16,	14,	7,	'yo',	'2026-02-21 07:57:31',	'text',	NULL,	NULL),
(17,	15,	5,	'hihihiihh',	'2026-02-21 08:18:07',	'text',	NULL,	NULL),
(18,	16,	6,	'yoooooo',	'2026-02-21 08:19:11',	'text',	NULL,	NULL),
(19,	17,	5,	'yoooooo',	'2026-02-21 08:31:17',	'text',	NULL,	NULL),
(20,	17,	8,	'yoo',	'2026-02-21 08:31:43',	'text',	NULL,	NULL),
(21,	18,	5,	'hiiiiii',	'2026-02-21 08:32:41',	'text',	NULL,	NULL),
(22,	19,	1,	'hiiii',	'2026-02-23 04:36:20',	'text',	NULL,	NULL),
(23,	20,	2,	'Yo',	'2026-02-23 05:09:47',	'text',	NULL,	NULL),
(24,	3,	1,	'yo',	'2026-02-23 05:14:47',	'text',	NULL,	NULL),
(25,	3,	1,	'hiii',	'2026-02-23 05:15:34',	'text',	NULL,	NULL),
(26,	2,	1,	'yo',	'2026-02-23 05:15:57',	'text',	NULL,	NULL),
(27,	2,	2,	'Yo',	'2026-02-23 05:16:00',	'text',	NULL,	NULL),
(28,	3,	2,	'Hihihihi',	'2026-02-23 05:16:40',	'text',	NULL,	NULL),
(29,	3,	2,	'Hihihihihih',	'2026-02-23 05:16:47',	'text',	NULL,	NULL),
(30,	3,	1,	'yoooo',	'2026-02-23 05:16:53',	'text',	NULL,	NULL),
(31,	2,	2,	'Test',	'2026-02-23 05:17:14',	'text',	NULL,	NULL),
(32,	2,	1,	'test1',	'2026-02-23 05:17:23',	'text',	NULL,	NULL),
(33,	22,	4,	'Hihi',	'2026-02-23 05:38:28',	'text',	NULL,	NULL),
(34,	22,	5,	'Yo',	'2026-02-23 05:42:04',	'text',	NULL,	NULL),
(35,	22,	4,	'sdfgsdfg',	'2026-02-23 05:42:13',	'text',	NULL,	NULL),
(36,	23,	5,	'hi',	'2026-02-26 14:44:08',	'text',	NULL,	NULL),
(37,	28,	5,	'Hi',	'2026-02-28 10:39:33',	'text',	NULL,	NULL),
(38,	30,	5,	'Yo',	'2026-02-28 10:52:49',	'text',	NULL,	NULL),
(39,	33,	11,	'Yo',	'2026-02-28 11:12:05',	'text',	NULL,	NULL),
(40,	34,	5,	'Second',	'2026-02-28 11:12:45',	'text',	NULL,	NULL),
(41,	52,	5,	'hi',	'2026-02-28 14:16:12',	'text',	NULL,	NULL),
(42,	52,	11,	'Hi',	'2026-02-28 14:16:16',	'text',	NULL,	NULL),
(43,	53,	5,	'ghx',	'2026-02-28 14:16:49',	'text',	NULL,	NULL);

DROP TABLE IF EXISTS `notifications`;
CREATE TABLE `notifications` (
  `id` varchar(36) NOT NULL,
  `user_id` int NOT NULL,
  `type` varchar(50) NOT NULL,
  `title` varchar(255) NOT NULL,
  `body` text,
  `data` json DEFAULT NULL,
  `is_read` tinyint(1) DEFAULT '0',
  `read_at` timestamp NULL DEFAULT NULL,
  `created_at` timestamp NULL DEFAULT CURRENT_TIMESTAMP,
  PRIMARY KEY (`id`),
  KEY `idx_user_read` (`user_id`,`is_read`,`created_at`)
) ENGINE=InnoDB DEFAULT CHARSET=utf8mb4 COLLATE=utf8mb4_0900_ai_ci;


DROP TABLE IF EXISTS `points_history`;
CREATE TABLE `points_history` (
  `id` int NOT NULL AUTO_INCREMENT,
  `user_id` int NOT NULL,
  `points` int NOT NULL,
  `type` enum('task_reward','daily_checkin','item_redeem','system_bonus','referral') CHARACTER SET utf8mb4 COLLATE utf8mb4_unicode_ci DEFAULT 'task_reward',
  `description` varchar(255) CHARACTER SET utf8mb4 COLLATE utf8mb4_unicode_ci DEFAULT NULL,
  `created_at` timestamp NULL DEFAULT CURRENT_TIMESTAMP,
  PRIMARY KEY (`id`),
  KEY `idx_user` (`user_id`)
) ENGINE=InnoDB DEFAULT CHARSET=utf8mb4 COLLATE=utf8mb4_unicode_ci;

INSERT INTO `points_history` (`id`, `user_id`, `points`, `type`, `description`, `created_at`) VALUES
(1,	1,	200,	'task_reward',	'完成任務: 上傳頭像',	'2026-02-03 04:39:27'),
(2,	2,	200,	'task_reward',	'完成任務: 上傳頭像',	'2026-02-03 04:40:57'),
(3,	2,	500,	'task_reward',	'完成任務: 完成MBTI測驗',	'2026-02-03 04:41:20'),
(4,	2,	100,	'task_reward',	'完成任務: 每日完成MBTI測驗一次',	'2026-02-03 04:41:20'),
(5,	4,	200,	'task_reward',	'完成任務: 上傳頭像',	'2026-02-03 04:43:35'),
(6,	1,	500,	'task_reward',	'完成任務: 添加第一位好友',	'2026-02-03 04:44:37'),
(7,	1,	100,	'task_reward',	'完成任務: 發送第一條消息',	'2026-02-03 04:44:51'),
(8,	4,	500,	'task_reward',	'完成任務: 添加第一位好友',	'2026-02-03 04:44:58'),
(9,	4,	100,	'task_reward',	'完成任務: 發送第一條消息',	'2026-02-03 04:45:19'),
(10,	2,	500,	'task_reward',	'完成任務: 添加第一位好友',	'2026-02-03 04:47:22'),
(11,	1,	200,	'task_reward',	'完成任務: 在討論區張貼首個貼文',	'2026-02-03 04:51:33'),
(12,	2,	200,	'task_reward',	'完成任務: 在討論區張貼首個貼文',	'2026-02-03 04:53:09'),
(13,	3,	200,	'task_reward',	'完成任務: 在討論區張貼首個貼文',	'2026-02-03 05:21:42'),
(14,	1,	100,	'task_reward',	'完成任務: 點讚一個貼文',	'2026-02-03 05:22:22'),
(15,	4,	100,	'task_reward',	'完成任務: 點讚一個貼文',	'2026-02-03 05:22:58'),
(16,	5,	500,	'task_reward',	'完成任務: 添加第一位好友',	'2026-02-21 05:44:22'),
(17,	5,	100,	'task_reward',	'完成任務: 發送第一條消息',	'2026-02-21 05:44:37'),
(18,	3,	100,	'task_reward',	'完成任務: 發送第一條消息',	'2026-02-21 05:46:01'),
(19,	3,	500,	'task_reward',	'完成任務: 添加第一位好友',	'2026-02-21 05:46:01'),
(20,	5,	100,	'task_reward',	'完成任務: 點讚一個貼文',	'2026-02-21 05:49:09'),
(21,	6,	100,	'task_reward',	'完成任務: 發送第一條消息',	'2026-02-21 06:46:56'),
(22,	6,	500,	'task_reward',	'完成任務: 添加第一位好友',	'2026-02-21 06:46:56'),
(23,	7,	500,	'task_reward',	'完成任務: 添加第一位好友',	'2026-02-21 06:47:05'),
(24,	7,	100,	'task_reward',	'完成任務: 發送第一條消息',	'2026-02-21 06:48:24'),
(25,	5,	50,	'task_reward',	'完成任務: 每日發送5條訊息',	'2026-02-21 07:57:09'),
(26,	8,	500,	'task_reward',	'完成任務: 添加第一位好友',	'2026-02-21 08:31:35'),
(27,	8,	100,	'task_reward',	'完成任務: 發送第一條消息',	'2026-02-21 08:32:11'),
(28,	1,	-200,	'item_redeem',	'兌換商品: 的士/共享單車優惠碼',	'2026-02-21 17:03:19'),
(29,	1,	-300,	'item_redeem',	'兌換商品: 連鎖咖啡/飲品買一送一券',	'2026-02-21 17:03:32'),
(30,	1,	-400,	'item_redeem',	'兌換商品: 電影現金券',	'2026-02-21 17:04:04'),
(31,	1,	-200,	'item_redeem',	'兌換商品: 個性化頭像框',	'2026-02-21 17:05:36'),
(32,	6,	-200,	'item_redeem',	'兌換商品: 的士/共享單車優惠碼',	'2026-02-21 17:29:26'),
(33,	6,	-200,	'item_redeem',	'兌換商品: 的士/共享單車優惠碼',	'2026-02-21 17:29:30'),
(34,	7,	-200,	'item_redeem',	'兌換商品: 的士/共享單車優惠碼',	'2026-02-21 17:35:13'),
(35,	6,	-200,	'item_redeem',	'兌換商品: 的士/共享單車優惠碼',	'2026-02-21 17:41:46'),
(36,	10,	500,	'task_reward',	'完成任務: 添加第一位好友',	'2026-02-23 04:36:33'),
(37,	2,	100,	'task_reward',	'完成任務: 發送第一條消息',	'2026-02-23 05:09:51'),
(38,	1,	50,	'task_reward',	'完成任務: 每日發送5條訊息',	'2026-02-23 05:18:08'),
(39,	2,	50,	'task_reward',	'完成任務: 每日發送5條訊息',	'2026-02-23 05:18:24'),
(40,	2,	-200,	'item_redeem',	'兌換商品: 的士/共享單車優惠碼',	'2026-02-23 05:20:35'),
(41,	2,	-300,	'item_redeem',	'兌換商品: 連鎖咖啡/飲品買一送一券',	'2026-02-23 05:20:47'),
(42,	8,	-200,	'item_redeem',	'兌換商品: 的士/共享單車優惠碼',	'2026-02-23 05:21:59'),
(43,	5,	-200,	'item_redeem',	'兌換商品: 的士/共享單車優惠碼',	'2026-02-23 05:37:00'),
(44,	5,	200,	'task_reward',	'完成任務: 在討論區張貼首個貼文',	'2026-02-26 03:33:08'),
(45,	11,	500,	'task_reward',	'完成任務: 添加第一位好友',	'2026-02-26 16:19:07'),
(46,	5,	50,	'task_reward',	'即時打卡獎勵 +50 積分',	'2026-02-27 16:30:30'),
(47,	5,	50,	'task_reward',	'即時打卡獎勵 +50 積分',	'2026-02-27 16:30:33'),
(48,	5,	50,	'task_reward',	'即時打卡獎勵 +50 積分',	'2026-02-27 16:30:37'),
(49,	5,	50,	'task_reward',	'即時打卡獎勵 +50 積分',	'2026-02-27 16:30:39'),
(50,	5,	50,	'task_reward',	'即時打卡獎勵 +50 積分',	'2026-02-27 16:30:41'),
(51,	5,	50,	'task_reward',	'即時打卡獎勵 +50 積分',	'2026-02-27 16:31:07'),
(52,	5,	50,	'task_reward',	'即時打卡獎勵 +50 積分',	'2026-02-27 16:38:37'),
(53,	11,	50,	'task_reward',	'即時打卡獎勵 +50 積分',	'2026-02-27 16:39:24'),
(54,	5,	50,	'task_reward',	'即時打卡獎勵 +50 積分',	'2026-02-27 16:46:51'),
(55,	5,	50,	'task_reward',	'即時打卡獎勵 +50 積分',	'2026-02-27 16:49:20'),
(56,	5,	50,	'task_reward',	'即時打卡獎勵 +50 積分',	'2026-02-27 16:53:03'),
(57,	5,	50,	'task_reward',	'即時打卡獎勵 +50 積分',	'2026-02-27 16:59:33'),
(58,	5,	50,	'task_reward',	'即時打卡獎勵 +50 積分',	'2026-02-27 17:11:32'),
(59,	11,	50,	'task_reward',	'即時打卡獎勵 +50 積分',	'2026-02-27 17:11:58'),
(60,	11,	50,	'task_reward',	'即時打卡獎勵 +50 積分',	'2026-02-27 17:25:12'),
(61,	11,	50,	'task_reward',	'即時打卡獎勵 +50 積分',	'2026-02-27 17:27:10'),
(62,	5,	50,	'task_reward',	'即時打卡獎勵 +50 積分',	'2026-02-27 17:39:47'),
(63,	5,	50,	'task_reward',	'即時打卡獎勵 +50 積分',	'2026-02-27 18:13:43'),
(64,	5,	50,	'task_reward',	'即時打卡獎勵 +50 積分',	'2026-02-27 18:16:50'),
(65,	5,	50,	'task_reward',	'即時打卡獎勵 +50 積分',	'2026-02-27 18:17:55'),
(66,	5,	50,	'task_reward',	'即時打卡獎勵 +50 積分',	'2026-02-27 18:19:12'),
(67,	5,	50,	'task_reward',	'即時打卡獎勵 +50 積分',	'2026-02-27 18:19:12'),
(68,	5,	50,	'task_reward',	'即時打卡獎勵 +50 積分',	'2026-02-27 18:31:13'),
(69,	5,	50,	'task_reward',	'即時打卡獎勵 +50 積分',	'2026-02-27 18:37:57'),
(70,	5,	50,	'task_reward',	'即時打卡獎勵 +50 積分',	'2026-02-27 18:39:14'),
(71,	5,	50,	'task_reward',	'即時打卡獎勵 +50 積分',	'2026-02-27 18:39:37'),
(72,	5,	50,	'task_reward',	'即時打卡獎勵 +50 積分',	'2026-02-27 18:40:24'),
(73,	5,	50,	'task_reward',	'即時打卡獎勵 +50 積分',	'2026-02-27 18:42:27'),
(74,	5,	50,	'task_reward',	'即時打卡獎勵 +50 積分',	'2026-02-28 07:17:32'),
(75,	5,	50,	'task_reward',	'即時打卡獎勵 +50 積分',	'2026-02-28 07:23:27'),
(76,	5,	50,	'task_reward',	'即時打卡獎勵 +50 積分',	'2026-02-28 07:23:46'),
(77,	11,	50,	'task_reward',	'即時打卡獎勵 +50 積分',	'2026-02-28 07:26:39'),
(78,	5,	50,	'task_reward',	'即時打卡獎勵 +50 積分',	'2026-02-28 07:27:58'),
(79,	11,	50,	'task_reward',	'即時打卡獎勵 +50 積分',	'2026-02-28 07:28:20'),
(80,	11,	50,	'task_reward',	'即時打卡獎勵 +50 積分',	'2026-02-28 07:28:54'),
(81,	5,	50,	'task_reward',	'即時打卡獎勵 +50 積分',	'2026-02-28 07:29:09'),
(82,	11,	50,	'task_reward',	'即時打卡獎勵 +50 積分',	'2026-02-28 07:44:56'),
(83,	5,	50,	'task_reward',	'即時打卡獎勵 +50 積分',	'2026-02-28 07:45:09'),
(84,	11,	50,	'task_reward',	'即時打卡獎勵 +50 積分',	'2026-02-28 07:45:51'),
(85,	11,	50,	'task_reward',	'即時打卡獎勵 +50 積分',	'2026-02-28 07:48:28'),
(86,	5,	50,	'task_reward',	'即時打卡獎勵 +50 積分',	'2026-02-28 07:49:18'),
(87,	11,	50,	'task_reward',	'即時打卡獎勵 +50 積分',	'2026-02-28 07:49:18'),
(88,	5,	50,	'task_reward',	'即時打卡獎勵 +50 積分',	'2026-02-28 07:49:54'),
(89,	11,	50,	'task_reward',	'即時打卡獎勵 +50 積分',	'2026-02-28 07:49:54'),
(90,	5,	50,	'task_reward',	'即時打卡獎勵 +50 積分',	'2026-02-28 07:51:08'),
(91,	11,	50,	'task_reward',	'即時打卡獎勵 +50 積分',	'2026-02-28 07:51:13'),
(92,	5,	50,	'task_reward',	'即時打卡獎勵 +50 積分',	'2026-02-28 07:53:32'),
(93,	11,	50,	'task_reward',	'即時打卡獎勵 +50 積分',	'2026-02-28 07:53:44'),
(94,	5,	50,	'task_reward',	'即時打卡獎勵 +50 積分',	'2026-02-28 07:57:54'),
(95,	11,	50,	'task_reward',	'即時打卡獎勵 +50 積分',	'2026-02-28 07:57:55'),
(96,	5,	50,	'task_reward',	'即時打卡獎勵 +50 積分',	'2026-02-28 08:01:39'),
(97,	5,	50,	'task_reward',	'即時打卡獎勵 +50 積分',	'2026-02-28 08:01:53'),
(98,	5,	50,	'task_reward',	'即時打卡獎勵 +50 積分',	'2026-02-28 08:01:57'),
(99,	5,	50,	'task_reward',	'即時打卡獎勵 +50 積分',	'2026-02-28 08:03:09'),
(100,	11,	50,	'task_reward',	'即時打卡獎勵 +50 積分',	'2026-02-28 08:03:10'),
(101,	5,	50,	'task_reward',	'即時打卡獎勵 +50 積分',	'2026-02-28 08:08:53'),
(102,	11,	50,	'task_reward',	'即時打卡獎勵 +50 積分',	'2026-02-28 08:09:12'),
(103,	11,	50,	'task_reward',	'即時打卡獎勵 +50 積分',	'2026-02-28 08:09:34'),
(104,	5,	50,	'task_reward',	'即時打卡獎勵 +50 積分',	'2026-02-28 08:09:51'),
(105,	11,	50,	'task_reward',	'即時打卡獎勵 +50 積分',	'2026-02-28 08:10:45'),
(106,	5,	50,	'task_reward',	'即時打卡獎勵 +50 積分',	'2026-02-28 08:40:53'),
(107,	1,	50,	'task_reward',	'即時打卡獎勵 +50 積分',	'2026-02-28 08:41:29'),
(108,	5,	50,	'task_reward',	'即時打卡獎勵 +50 積分',	'2026-02-28 09:02:03'),
(109,	1,	50,	'task_reward',	'即時打卡獎勵 +50 積分',	'2026-02-28 09:02:31'),
(110,	5,	50,	'task_reward',	'即時打卡獎勵 +50 積分',	'2026-02-28 09:04:52'),
(111,	5,	50,	'task_reward',	'即時打卡獎勵 +50 積分',	'2026-02-28 09:09:13'),
(112,	1,	50,	'task_reward',	'即時打卡獎勵 +50 積分',	'2026-02-28 09:09:17'),
(113,	5,	50,	'task_reward',	'即時打卡獎勵 +50 積分',	'2026-02-28 09:14:24'),
(114,	1,	50,	'task_reward',	'即時打卡獎勵 +50 積分',	'2026-02-28 09:14:44'),
(115,	1,	50,	'task_reward',	'即時打卡獎勵 +50 積分',	'2026-02-28 09:15:41'),
(116,	5,	50,	'task_reward',	'即時打卡獎勵 +50 積分',	'2026-02-28 09:36:42'),
(117,	5,	50,	'task_reward',	'即時打卡獎勵 +50 積分',	'2026-02-28 09:44:28'),
(118,	11,	50,	'task_reward',	'即時打卡獎勵 +50 積分',	'2026-02-28 09:44:42'),
(119,	11,	50,	'task_reward',	'即時打卡獎勵 +50 積分',	'2026-02-28 09:46:48'),
(120,	5,	50,	'task_reward',	'即時打卡獎勵 +50 積分',	'2026-02-28 09:56:35'),
(121,	1,	50,	'task_reward',	'即時打卡獎勵 +50 積分',	'2026-02-28 09:56:53'),
(122,	11,	50,	'task_reward',	'即時打卡獎勵 +50 積分',	'2026-02-28 09:57:24'),
(123,	5,	50,	'task_reward',	'即時打卡獎勵 +50 積分',	'2026-02-28 09:57:51'),
(124,	5,	50,	'task_reward',	'即時打卡獎勵 +50 積分',	'2026-02-28 09:59:03'),
(125,	11,	50,	'task_reward',	'即時打卡獎勵 +50 積分',	'2026-02-28 09:59:16'),
(126,	11,	50,	'task_reward',	'即時打卡獎勵 +50 積分',	'2026-02-28 10:00:55'),
(127,	11,	50,	'task_reward',	'即時打卡獎勵 +50 積分',	'2026-02-28 10:02:25'),
(128,	1,	50,	'task_reward',	'即時打卡獎勵 +50 積分',	'2026-02-28 10:17:29'),
(129,	5,	50,	'task_reward',	'即時打卡獎勵 +50 積分',	'2026-02-28 10:17:34'),
(130,	5,	50,	'task_reward',	'即時打卡獎勵 +50 積分',	'2026-02-28 10:29:05'),
(131,	1,	50,	'task_reward',	'即時打卡獎勵 +50 積分',	'2026-02-28 10:29:34'),
(132,	5,	50,	'task_reward',	'即時打卡獎勵 +50 積分',	'2026-02-28 10:29:34'),
(133,	1,	50,	'task_reward',	'即時打卡獎勵 +50 積分',	'2026-02-28 10:30:36'),
(134,	5,	50,	'task_reward',	'即時打卡獎勵 +50 積分',	'2026-02-28 10:34:28'),
(135,	1,	50,	'task_reward',	'即時打卡獎勵 +50 積分',	'2026-02-28 10:34:43'),
(136,	5,	50,	'task_reward',	'即時打卡獎勵 +50 積分',	'2026-02-28 10:37:40'),
(137,	1,	50,	'task_reward',	'即時打卡獎勵 +50 積分',	'2026-02-28 10:37:44'),
(138,	5,	50,	'task_reward',	'即時打卡獎勵 +50 積分',	'2026-02-28 10:48:02'),
(139,	1,	50,	'task_reward',	'即時打卡獎勵 +50 積分',	'2026-02-28 10:48:08'),
(140,	5,	50,	'task_reward',	'即時打卡獎勵 +50 積分',	'2026-02-28 10:51:50'),
(141,	11,	50,	'task_reward',	'即時打卡獎勵 +50 積分',	'2026-02-28 10:52:02'),
(142,	5,	50,	'task_reward',	'即時打卡獎勵 +50 積分',	'2026-02-28 10:52:08'),
(143,	11,	50,	'task_reward',	'即時打卡獎勵 +50 積分',	'2026-02-28 10:52:17'),
(144,	5,	50,	'task_reward',	'即時打卡獎勵 +50 積分',	'2026-02-28 10:53:07'),
(145,	11,	50,	'task_reward',	'即時打卡獎勵 +50 積分',	'2026-02-28 10:53:16'),
(146,	11,	50,	'task_reward',	'即時打卡獎勵 +50 積分',	'2026-02-28 10:53:35'),
(147,	5,	50,	'task_reward',	'即時打卡獎勵 +50 積分',	'2026-02-28 11:07:12'),
(148,	11,	50,	'task_reward',	'即時打卡獎勵 +50 積分',	'2026-02-28 11:07:14'),
(149,	5,	50,	'task_reward',	'即時打卡獎勵 +50 積分',	'2026-02-28 11:09:09'),
(150,	5,	50,	'task_reward',	'即時打卡獎勵 +50 積分',	'2026-02-28 11:09:39'),
(151,	5,	50,	'task_reward',	'即時打卡獎勵 +50 積分',	'2026-02-28 11:10:37'),
(152,	11,	50,	'task_reward',	'即時打卡獎勵 +50 積分',	'2026-02-28 11:10:51'),
(153,	5,	50,	'task_reward',	'即時打卡獎勵 +50 積分',	'2026-02-28 11:11:23'),
(154,	11,	50,	'task_reward',	'即時打卡獎勵 +50 積分',	'2026-02-28 11:11:32'),
(155,	11,	100,	'task_reward',	'完成任務: 發送第一條消息',	'2026-02-28 11:12:14'),
(156,	11,	50,	'task_reward',	'即時打卡獎勵 +50 積分',	'2026-02-28 11:12:28'),
(157,	5,	50,	'task_reward',	'即時打卡獎勵 +50 積分',	'2026-02-28 12:17:47'),
(158,	11,	50,	'task_reward',	'即時打卡獎勵 +50 積分',	'2026-02-28 12:17:50'),
(159,	5,	50,	'task_reward',	'即時打卡獎勵 +50 積分',	'2026-02-28 12:25:52'),
(160,	11,	50,	'task_reward',	'即時打卡獎勵 +50 積分',	'2026-02-28 12:25:55'),
(161,	5,	50,	'task_reward',	'即時打卡獎勵 +50 積分',	'2026-02-28 12:26:25'),
(162,	11,	10,	'daily_checkin',	'每日簽到 (連續 1 天，獲得 10 積分)',	'2026-02-28 12:26:26'),
(163,	11,	50,	'task_reward',	'即時打卡獎勵 +50 積分',	'2026-02-28 12:26:30'),
(164,	11,	50,	'task_reward',	'即時打卡獎勵 +50 積分',	'2026-02-28 12:34:55'),
(165,	5,	50,	'task_reward',	'即時打卡獎勵 +50 積分',	'2026-02-28 12:35:14'),
(166,	11,	50,	'task_reward',	'即時打卡獎勵 +50 積分',	'2026-02-28 12:44:44'),
(167,	5,	50,	'task_reward',	'即時打卡獎勵 +50 積分',	'2026-02-28 12:44:47'),
(168,	5,	50,	'task_reward',	'即時打卡獎勵 +50 積分',	'2026-02-28 12:45:49'),
(169,	11,	50,	'task_reward',	'即時打卡獎勵 +50 積分',	'2026-02-28 12:45:54'),
(170,	11,	50,	'task_reward',	'即時打卡獎勵 +50 積分',	'2026-02-28 12:47:22'),
(171,	5,	50,	'task_reward',	'即時打卡獎勵 +50 積分',	'2026-02-28 12:48:04'),
(172,	11,	50,	'task_reward',	'即時打卡獎勵 +50 積分',	'2026-02-28 12:48:24'),
(173,	11,	50,	'task_reward',	'即時打卡獎勵 +50 積分',	'2026-02-28 12:51:19'),
(174,	5,	50,	'task_reward',	'即時打卡獎勵 +50 積分',	'2026-02-28 12:51:22'),
(175,	11,	50,	'task_reward',	'即時打卡獎勵 +50 積分',	'2026-02-28 12:53:15'),
(176,	5,	50,	'task_reward',	'即時打卡獎勵 +50 積分',	'2026-02-28 12:53:15'),
(177,	11,	50,	'task_reward',	'即時打卡獎勵 +50 積分',	'2026-02-28 12:56:56'),
(178,	5,	50,	'task_reward',	'即時打卡獎勵 +50 積分',	'2026-02-28 12:56:57'),
(179,	5,	50,	'task_reward',	'即時打卡獎勵 +50 積分',	'2026-02-28 13:01:08'),
(180,	11,	50,	'task_reward',	'即時打卡獎勵 +50 積分',	'2026-02-28 13:01:18'),
(181,	5,	50,	'task_reward',	'即時打卡獎勵 +50 積分',	'2026-02-28 13:01:51'),
(182,	11,	50,	'task_reward',	'即時打卡獎勵 +50 積分',	'2026-02-28 13:02:03'),
(183,	5,	50,	'task_reward',	'即時打卡獎勵 +50 積分',	'2026-02-28 13:02:26'),
(184,	11,	50,	'task_reward',	'即時打卡獎勵 +50 積分',	'2026-02-28 13:02:27'),
(185,	5,	50,	'task_reward',	'即時打卡獎勵 +50 積分',	'2026-02-28 13:07:24'),
(186,	11,	50,	'task_reward',	'即時打卡獎勵 +50 積分',	'2026-02-28 13:07:26'),
(187,	11,	50,	'task_reward',	'即時打卡獎勵 +50 積分',	'2026-02-28 13:14:30'),
(188,	5,	50,	'task_reward',	'即時打卡獎勵 +50 積分',	'2026-02-28 13:14:38'),
(189,	11,	50,	'task_reward',	'即時打卡獎勵 +50 積分',	'2026-02-28 13:15:22'),
(190,	5,	50,	'task_reward',	'即時打卡獎勵 +50 積分',	'2026-02-28 13:15:34'),
(191,	11,	50,	'task_reward',	'即時打卡獎勵 +50 積分',	'2026-02-28 13:15:53'),
(192,	5,	50,	'task_reward',	'即時打卡獎勵 +50 積分',	'2026-02-28 13:16:07'),
(193,	1,	50,	'task_reward',	'即時打卡獎勵 +50 積分',	'2026-02-28 13:20:10'),
(194,	11,	50,	'task_reward',	'即時打卡獎勵 +50 積分',	'2026-02-28 13:20:13'),
(195,	5,	50,	'task_reward',	'即時打卡獎勵 +50 積分',	'2026-02-28 13:26:55'),
(196,	11,	50,	'task_reward',	'即時打卡獎勵 +50 積分',	'2026-02-28 13:27:00'),
(197,	5,	50,	'task_reward',	'即時打卡獎勵 +50 積分',	'2026-02-28 13:39:33'),
(198,	11,	50,	'task_reward',	'即時打卡獎勵 +50 積分',	'2026-02-28 13:39:42'),
(199,	5,	50,	'task_reward',	'即時打卡獎勵 +50 積分',	'2026-02-28 13:45:53'),
(200,	11,	50,	'task_reward',	'即時打卡獎勵 +50 積分',	'2026-02-28 13:46:06'),
(201,	5,	50,	'task_reward',	'即時打卡獎勵 +50 積分',	'2026-02-28 13:46:31'),
(202,	5,	50,	'task_reward',	'即時打卡獎勵 +50 積分',	'2026-02-28 13:46:36'),
(203,	11,	50,	'task_reward',	'即時打卡獎勵 +50 積分',	'2026-02-28 13:46:45'),
(204,	5,	50,	'task_reward',	'即時打卡獎勵 +50 積分',	'2026-02-28 13:53:01'),
(205,	5,	10,	'daily_checkin',	'每日簽到 (連續 1 天，獲得 10 積分)',	'2026-02-28 13:53:32'),
(206,	11,	50,	'task_reward',	'即時打卡獎勵 +50 積分',	'2026-02-28 13:53:49'),
(207,	11,	50,	'task_reward',	'即時打卡獎勵 +50 積分',	'2026-02-28 14:09:42'),
(208,	5,	50,	'task_reward',	'即時打卡獎勵 +50 積分',	'2026-02-28 14:09:42'),
(209,	5,	50,	'task_reward',	'即時打卡獎勵 +50 積分',	'2026-02-28 14:10:35'),
(210,	5,	50,	'task_reward',	'即時打卡獎勵 +50 積分',	'2026-02-28 14:12:25'),
(211,	5,	50,	'task_reward',	'即時打卡獎勵 +50 積分',	'2026-02-28 14:15:30'),
(212,	11,	50,	'task_reward',	'即時打卡獎勵 +50 積分',	'2026-02-28 14:15:42'),
(213,	5,	50,	'task_reward',	'完成任務: 每日發送5條訊息',	'2026-02-28 14:17:02'),
(214,	5,	50,	'task_reward',	'即時打卡獎勵 +50 積分',	'2026-02-28 14:17:06'),
(215,	5,	50,	'task_reward',	'即時打卡獎勵 +50 積分',	'2026-02-28 14:19:57'),
(216,	5,	50,	'task_reward',	'即時打卡獎勵 +50 積分',	'2026-02-28 14:24:10'),
(217,	5,	50,	'task_reward',	'即時打卡獎勵 +50 積分',	'2026-02-28 14:25:59');

DROP TABLE IF EXISTS `post_comments`;
CREATE TABLE `post_comments` (
  `id` int NOT NULL AUTO_INCREMENT,
  `post_id` int DEFAULT NULL,
  `user_id` int DEFAULT NULL,
  `content` text NOT NULL,
  `created_at` timestamp NULL DEFAULT CURRENT_TIMESTAMP,
  `safety_score` float DEFAULT '0',
  `is_approved` tinyint(1) DEFAULT '1',
  `moderation_reason` text,
  `moderated_at` timestamp NULL DEFAULT NULL,
  PRIMARY KEY (`id`),
  KEY `idx_post` (`post_id`),
  KEY `idx_user` (`user_id`),
  KEY `idx_post_comments_approved` (`post_id`,`is_approved`,`created_at`)
) ENGINE=InnoDB DEFAULT CHARSET=utf8mb4 COLLATE=utf8mb4_0900_ai_ci;

INSERT INTO `post_comments` (`id`, `post_id`, `user_id`, `content`, `created_at`, `safety_score`, `is_approved`, `moderation_reason`, `moderated_at`) VALUES
(1,	2,	1,	'Hi!',	'2026-02-03 05:22:14',	0,	1,	NULL,	NULL),
(2,	3,	4,	'Welcome!',	'2026-02-03 05:22:37',	0,	1,	NULL,	NULL),
(3,	1,	4,	'good view!',	'2026-02-03 05:22:50',	0,	1,	NULL,	NULL),
(4,	4,	5,	'很棒的評論！',	'2026-02-24 05:04:58',	0,	1,	NULL,	'2026-02-24 05:04:58'),
(5,	5,	5,	'nice',	'2026-02-26 13:42:53',	0,	1,	NULL,	'2026-02-26 13:42:53');

DROP TABLE IF EXISTS `post_likes`;
CREATE TABLE `post_likes` (
  `id` int NOT NULL AUTO_INCREMENT,
  `post_id` int DEFAULT NULL,
  `user_id` int DEFAULT NULL,
  `created_at` timestamp NULL DEFAULT CURRENT_TIMESTAMP,
  PRIMARY KEY (`id`),
  UNIQUE KEY `unique_like` (`post_id`,`user_id`),
  KEY `idx_user` (`user_id`)
) ENGINE=InnoDB DEFAULT CHARSET=utf8mb4 COLLATE=utf8mb4_0900_ai_ci;

INSERT INTO `post_likes` (`id`, `post_id`, `user_id`, `created_at`) VALUES
(1,	2,	1,	'2026-02-03 05:22:03'),
(2,	3,	1,	'2026-02-03 05:22:19'),
(3,	3,	4,	'2026-02-03 05:22:32'),
(4,	1,	4,	'2026-02-03 05:22:43'),
(5,	3,	5,	'2026-02-21 05:48:48'),
(6,	4,	5,	'2026-02-21 05:48:56'),
(7,	5,	5,	'2026-02-26 13:42:35');

DROP TABLE IF EXISTS `posts`;
CREATE TABLE `posts` (
  `id` int NOT NULL AUTO_INCREMENT,
  `user_id` int DEFAULT NULL,
  `content` text,
  `media_urls` text,
  `media_types` text,
  `created_at` timestamp NULL DEFAULT CURRENT_TIMESTAMP,
  `safety_score` float DEFAULT '0',
  `is_approved` tinyint(1) DEFAULT '1',
  PRIMARY KEY (`id`),
  KEY `idx_user` (`user_id`),
  KEY `idx_posts_approved` (`user_id`,`is_approved`,`created_at`)
) ENGINE=InnoDB DEFAULT CHARSET=utf8mb4 COLLATE=utf8mb4_0900_ai_ci;

INSERT INTO `posts` (`id`, `user_id`, `content`, `media_urls`, `media_types`, `created_at`, `safety_score`, `is_approved`) VALUES
(1,	1,	'Beautiful view\n\n#tokyo',	'[\"/uploads/post_media/images/1770094235808-538395763.jpg\"]',	'[\"image\"]',	'2026-02-03 04:50:36',	0,	1),
(2,	2,	'Hi guys!\n\n#FirstPost',	'[\"/uploads/post_media/images/1770094371766-816857412.jpg\"]',	'[\"image\"]',	'2026-02-03 04:52:52',	0,	1),
(3,	3,	'Hi all!',	'[]',	'[]',	'2026-02-03 05:21:35',	0,	1),
(4,	1,	'good',	'[]',	'[]',	'2026-02-13 03:24:07',	0,	1),
(5,	5,	'這是一個很棒的評論！',	'[]',	'[]',	'2026-02-24 05:04:28',	0,	1);

DROP TABLE IF EXISTS `reposts`;
CREATE TABLE `reposts` (
  `id` int NOT NULL AUTO_INCREMENT,
  `post_id` int NOT NULL,
  `user_id` int NOT NULL,
  `created_at` timestamp NULL DEFAULT CURRENT_TIMESTAMP,
  PRIMARY KEY (`id`),
  KEY `idx_post` (`post_id`),
  KEY `idx_user` (`user_id`)
) ENGINE=InnoDB DEFAULT CHARSET=utf8mb4 COLLATE=utf8mb4_0900_ai_ci;


DROP TABLE IF EXISTS `scenario_invites`;
CREATE TABLE `scenario_invites` (
  `id` int NOT NULL AUTO_INCREMENT,
  `from_user_id` int NOT NULL,
  `to_user_id` int NOT NULL,
  `scenario_data` json DEFAULT NULL,
  `status` enum('pending','accepted','rejected','expired') DEFAULT 'pending',
  `created_at` timestamp NULL DEFAULT CURRENT_TIMESTAMP,
  `expires_at` timestamp NULL DEFAULT NULL,
  PRIMARY KEY (`id`),
  KEY `idx_from` (`from_user_id`),
  KEY `idx_to` (`to_user_id`),
  CONSTRAINT `scenario_invites_ibfk_1` FOREIGN KEY (`from_user_id`) REFERENCES `users` (`id`) ON DELETE CASCADE,
  CONSTRAINT `scenario_invites_ibfk_2` FOREIGN KEY (`to_user_id`) REFERENCES `users` (`id`) ON DELETE CASCADE
) ENGINE=InnoDB DEFAULT CHARSET=utf8mb4 COLLATE=utf8mb4_0900_ai_ci;


DROP TABLE IF EXISTS `shop_items`;
CREATE TABLE `shop_items` (
  `id` int NOT NULL AUTO_INCREMENT,
  `name` varchar(255) CHARACTER SET utf8mb4 COLLATE utf8mb4_unicode_ci NOT NULL,
  `description` text CHARACTER SET utf8mb4 COLLATE utf8mb4_unicode_ci,
  `category` varchar(100) CHARACTER SET utf8mb4 COLLATE utf8mb4_unicode_ci DEFAULT 'general',
  `points_required` int NOT NULL,
  `stock` int DEFAULT '1',
  `limit_per_user` int DEFAULT '1',
  `image_url` varchar(500) CHARACTER SET utf8mb4 COLLATE utf8mb4_unicode_ci DEFAULT NULL,
  `is_active` tinyint(1) DEFAULT '1',
  `created_at` timestamp NULL DEFAULT CURRENT_TIMESTAMP,
  `updated_at` timestamp NULL DEFAULT CURRENT_TIMESTAMP ON UPDATE CURRENT_TIMESTAMP,
  PRIMARY KEY (`id`)
) ENGINE=InnoDB DEFAULT CHARSET=utf8mb4 COLLATE=utf8mb4_unicode_ci;

INSERT INTO `shop_items` (`id`, `name`, `description`, `category`, `points_required`, `stock`, `limit_per_user`, `image_url`, `is_active`, `created_at`, `updated_at`) VALUES
(10,	'連鎖咖啡/飲品買一送一券',	'適用於大家樂、Starbucks、走杯等指定品牌，買一送一優惠',	'coupon',	300,	100,	1,	'/uploads/shop/coffee_coupon.jpg',	1,	'2026-02-21 17:12:20',	'2026-02-21 17:12:20'),
(11,	'電影現金券',	'$30 電影票折扣，適用於各大影院',	'coupon',	400,	50,	1,	'/uploads/shop/movie_coupon.jpg',	1,	'2026-02-21 17:12:20',	'2026-02-21 17:12:20'),
(12,	'的士/共享單車優惠碼',	'HKTaxi 或 Lalamove 即減 $10 優惠碼',	'coupon',	200,	200,	1,	'/uploads/shop/taxi_coupon.jpg',	1,	'2026-02-21 17:12:20',	'2026-02-21 17:12:20'),
(13,	'連鎖咖啡/飲品買一送一券',	'適用於大家樂、Starbucks、走杯等指定品牌，買一送一優惠',	'coupon',	300,	100,	1,	'/uploads/shop/coffee_coupon.jpg',	1,	'2026-02-21 17:15:49',	'2026-02-21 17:15:49'),
(14,	'電影現金券',	'$30 電影票折扣，適用於各大影院',	'coupon',	400,	50,	1,	'/uploads/shop/movie_coupon.jpg',	1,	'2026-02-21 17:15:49',	'2026-02-21 17:15:49'),
(15,	'的士/共享單車優惠碼',	'HKTaxi 或 Lalamove 即減 $10 優惠碼',	'coupon',	200,	200,	1,	'/uploads/shop/taxi_coupon.jpg',	1,	'2026-02-21 17:15:49',	'2026-02-21 17:15:49');

DROP TABLE IF EXISTS `task_confirmations`;
CREATE TABLE `task_confirmations` (
  `id` int NOT NULL AUTO_INCREMENT,
  `scenario_id` int NOT NULL,
  `task_index` int NOT NULL,
  `user_id` int NOT NULL,
  `confirmed` tinyint(1) DEFAULT '0',
  `confirmed_at` timestamp NULL DEFAULT NULL,
  PRIMARY KEY (`id`),
  UNIQUE KEY `unique_confirmation` (`scenario_id`,`task_index`,`user_id`),
  KEY `user_id` (`user_id`),
  CONSTRAINT `task_confirmations_ibfk_1` FOREIGN KEY (`scenario_id`) REFERENCES `user_scenarios` (`id`) ON DELETE CASCADE,
  CONSTRAINT `task_confirmations_ibfk_2` FOREIGN KEY (`user_id`) REFERENCES `users` (`id`) ON DELETE CASCADE
) ENGINE=InnoDB DEFAULT CHARSET=utf8mb4 COLLATE=utf8mb4_0900_ai_ci;


DROP TABLE IF EXISTS `task_verifications`;
CREATE TABLE `task_verifications` (
  `id` int NOT NULL AUTO_INCREMENT,
  `scenario_id` int NOT NULL,
  `task_index` int NOT NULL,
  `user_id` int NOT NULL,
  `type` enum('gps','code_exchange','photo') NOT NULL,
  `data` json DEFAULT NULL,
  `verified_at` timestamp NULL DEFAULT CURRENT_TIMESTAMP,
  PRIMARY KEY (`id`),
  UNIQUE KEY `unique_user_task` (`scenario_id`,`task_index`,`user_id`,`type`),
  KEY `user_id` (`user_id`),
  CONSTRAINT `task_verifications_ibfk_1` FOREIGN KEY (`scenario_id`) REFERENCES `user_scenarios` (`id`) ON DELETE CASCADE,
  CONSTRAINT `task_verifications_ibfk_2` FOREIGN KEY (`user_id`) REFERENCES `users` (`id`) ON DELETE CASCADE
) ENGINE=InnoDB DEFAULT CHARSET=utf8mb4 COLLATE=utf8mb4_0900_ai_ci;


DROP TABLE IF EXISTS `tasks`;
CREATE TABLE `tasks` (
  `id` int NOT NULL AUTO_INCREMENT,
  `title` varchar(255) CHARACTER SET utf8mb4 COLLATE utf8mb4_unicode_ci NOT NULL,
  `description` text CHARACTER SET utf8mb4 COLLATE utf8mb4_unicode_ci,
  `task_type` enum('daily','achievement','special') CHARACTER SET utf8mb4 COLLATE utf8mb4_unicode_ci DEFAULT 'daily',
  `points_required` int DEFAULT '1',
  `points_reward` int DEFAULT '10',
  `priority` int DEFAULT '5',
  `is_active` tinyint(1) DEFAULT '1',
  `created_at` timestamp NULL DEFAULT CURRENT_TIMESTAMP,
  `updated_at` timestamp NULL DEFAULT CURRENT_TIMESTAMP ON UPDATE CURRENT_TIMESTAMP,
  PRIMARY KEY (`id`)
) ENGINE=InnoDB DEFAULT CHARSET=utf8mb4 COLLATE=utf8mb4_unicode_ci;

INSERT INTO `tasks` (`id`, `title`, `description`, `task_type`, `points_required`, `points_reward`, `priority`, `is_active`, `created_at`, `updated_at`) VALUES
(1,	'完成MBTI測驗',	'完成一次完整的MBTI性格測試',	'achievement',	1,	500,	1,	1,	'2026-01-26 17:36:45',	'2026-01-26 17:36:45'),
(2,	'發送第一條消息',	'在好友或群組聊天中發送第一條消息',	'achievement',	1,	100,	2,	1,	'2026-01-26 17:36:45',	'2026-01-26 17:36:45'),
(3,	'添加第一位好友',	'成功添加一位好友',	'achievement',	1,	500,	3,	1,	'2026-01-26 17:36:45',	'2026-01-26 17:36:45'),
(4,	'在討論區張貼首個貼文',	'在討論區發佈第一篇貼文',	'achievement',	1,	200,	4,	1,	'2026-01-26 17:36:45',	'2026-01-26 17:36:45'),
(5,	'點讚一個貼文',	'對任何貼文點讚一次',	'achievement',	1,	100,	5,	1,	'2026-01-26 17:36:45',	'2026-01-26 17:36:45'),
(6,	'轉發一個貼文',	'轉發任何一篇貼文',	'achievement',	1,	50,	6,	1,	'2026-01-26 17:36:45',	'2026-01-26 17:36:45'),
(7,	'上傳頭像',	'設置個人頭像（非預設）',	'achievement',	1,	200,	7,	1,	'2026-01-26 17:36:45',	'2026-01-26 17:36:45'),
(8,	'連續7天簽到',	'連續簽到7天',	'achievement',	7,	500,	8,	1,	'2026-01-26 17:36:45',	'2026-01-26 17:36:45'),
(9,	'連續14天簽到',	'連續簽到14天',	'achievement',	14,	600,	9,	1,	'2026-01-26 17:36:45',	'2026-01-26 17:36:45'),
(10,	'連續30天簽到',	'連續簽到30天',	'achievement',	30,	800,	10,	1,	'2026-01-26 17:36:45',	'2026-01-26 17:36:45'),
(11,	'連續60天簽到',	'連續簽到60天',	'achievement',	60,	1000,	11,	1,	'2026-01-26 17:36:45',	'2026-01-26 17:36:45'),
(12,	'連續90天簽到',	'連續簽到90天',	'achievement',	90,	1500,	12,	1,	'2026-01-26 17:36:45',	'2026-01-26 17:36:45'),
(13,	'連續180天簽到',	'連續簽到180天',	'achievement',	180,	2500,	13,	1,	'2026-01-26 17:36:45',	'2026-01-26 17:36:45'),
(14,	'連續365天簽到',	'連續簽到365天',	'achievement',	365,	5000,	14,	1,	'2026-01-26 17:36:45',	'2026-01-26 17:36:45'),
(15,	'每日發送5條訊息',	'在任何聊天室發送5條訊息',	'daily',	5,	50,	15,	1,	'2026-01-26 17:36:45',	'2026-01-26 17:36:45'),
(16,	'每日完成MBTI測驗一次',	'當天完成一次MBTI測驗',	'daily',	1,	100,	16,	1,	'2026-01-26 17:36:45',	'2026-01-26 17:36:45');

DROP TABLE IF EXISTS `temp_chat_invites`;
CREATE TABLE `temp_chat_invites` (
  `id` int NOT NULL AUTO_INCREMENT,
  `from_user_id` int NOT NULL,
  `to_user_id` int NOT NULL,
  `status` enum('pending','accepted','rejected','expired') DEFAULT 'pending',
  `room_id` int DEFAULT NULL,
  `created_at` timestamp NULL DEFAULT CURRENT_TIMESTAMP,
  `expires_at` timestamp NULL DEFAULT NULL,
  `notify_sender` tinyint(1) DEFAULT '0',
  PRIMARY KEY (`id`),
  KEY `from_user_id` (`from_user_id`),
  KEY `to_user_id` (`to_user_id`),
  CONSTRAINT `temp_chat_invites_ibfk_1` FOREIGN KEY (`from_user_id`) REFERENCES `users` (`id`) ON DELETE CASCADE,
  CONSTRAINT `temp_chat_invites_ibfk_2` FOREIGN KEY (`to_user_id`) REFERENCES `users` (`id`) ON DELETE CASCADE
) ENGINE=InnoDB DEFAULT CHARSET=utf8mb4 COLLATE=utf8mb4_0900_ai_ci;

INSERT INTO `temp_chat_invites` (`id`, `from_user_id`, `to_user_id`, `status`, `room_id`, `created_at`, `expires_at`, `notify_sender`) VALUES
(1,	5,	1,	'accepted',	NULL,	'2026-02-28 09:31:51',	NULL,	0),
(2,	1,	5,	'accepted',	NULL,	'2026-02-28 10:34:50',	NULL,	0),
(3,	5,	1,	'accepted',	NULL,	'2026-02-28 10:36:59',	NULL,	0),
(4,	1,	5,	'accepted',	NULL,	'2026-02-28 10:37:50',	NULL,	0),
(5,	1,	5,	'accepted',	NULL,	'2026-02-28 10:39:15',	NULL,	0),
(6,	1,	5,	'accepted',	NULL,	'2026-02-28 10:48:18',	NULL,	0),
(7,	11,	5,	'accepted',	NULL,	'2026-02-28 10:52:25',	NULL,	0),
(8,	5,	1,	'rejected',	NULL,	'2026-02-28 10:53:14',	NULL,	0),
(9,	11,	5,	'accepted',	NULL,	'2026-02-28 10:53:42',	NULL,	0),
(10,	5,	11,	'accepted',	NULL,	'2026-02-28 11:07:42',	NULL,	0),
(11,	5,	11,	'accepted',	NULL,	'2026-02-28 11:11:52',	NULL,	0),
(12,	11,	5,	'accepted',	NULL,	'2026-02-28 11:12:32',	NULL,	0),
(13,	5,	11,	'accepted',	NULL,	'2026-02-28 12:17:59',	NULL,	0),
(14,	11,	5,	'accepted',	NULL,	'2026-02-28 12:19:48',	NULL,	0),
(15,	11,	5,	'accepted',	NULL,	'2026-02-28 12:26:36',	NULL,	0),
(16,	11,	1,	'rejected',	NULL,	'2026-02-28 12:35:29',	NULL,	0),
(17,	11,	5,	'accepted',	NULL,	'2026-02-28 12:35:32',	NULL,	0),
(18,	11,	5,	'accepted',	NULL,	'2026-02-28 12:44:54',	NULL,	0),
(19,	5,	11,	'rejected',	NULL,	'2026-02-28 12:46:11',	NULL,	0),
(20,	11,	5,	'rejected',	NULL,	'2026-02-28 12:47:06',	NULL,	0),
(21,	5,	5,	'rejected',	NULL,	'2026-02-28 12:47:16',	NULL,	0),
(22,	5,	11,	'rejected',	NULL,	'2026-02-28 12:48:31',	NULL,	0),
(23,	5,	11,	'accepted',	NULL,	'2026-02-28 12:51:29',	NULL,	0),
(24,	5,	11,	'accepted',	NULL,	'2026-02-28 12:53:20',	NULL,	0),
(25,	5,	11,	'rejected',	NULL,	'2026-02-28 12:57:09',	NULL,	0),
(26,	5,	11,	'accepted',	NULL,	'2026-02-28 13:02:36',	NULL,	0),
(27,	5,	11,	'rejected',	NULL,	'2026-02-28 13:04:46',	NULL,	0),
(28,	5,	11,	'rejected',	NULL,	'2026-02-28 13:05:37',	NULL,	0),
(29,	11,	5,	'rejected',	NULL,	'2026-02-28 13:08:56',	NULL,	0),
(30,	5,	11,	'accepted',	NULL,	'2026-02-28 13:16:17',	NULL,	0),
(31,	1,	11,	'accepted',	NULL,	'2026-02-28 13:20:18',	NULL,	0),
(32,	5,	11,	'accepted',	NULL,	'2026-02-28 13:27:08',	NULL,	0),
(33,	5,	11,	'accepted',	NULL,	'2026-02-28 13:39:46',	NULL,	0),
(34,	5,	11,	'accepted',	NULL,	'2026-02-28 13:46:09',	NULL,	0),
(35,	5,	11,	'rejected',	NULL,	'2026-02-28 13:46:29',	NULL,	0),
(36,	5,	11,	'accepted',	NULL,	'2026-02-28 13:47:15',	NULL,	0),
(37,	5,	11,	'accepted',	NULL,	'2026-02-28 13:53:08',	NULL,	0),
(38,	11,	5,	'accepted',	NULL,	'2026-02-28 13:53:56',	NULL,	0),
(39,	11,	5,	'accepted',	51,	'2026-02-28 14:09:50',	NULL,	0),
(40,	5,	11,	'rejected',	NULL,	'2026-02-28 14:10:38',	NULL,	0),
(41,	5,	11,	'accepted',	52,	'2026-02-28 14:10:51',	NULL,	0),
(42,	5,	11,	'accepted',	53,	'2026-02-28 14:15:40',	NULL,	0),
(43,	5,	11,	'accepted',	54,	'2026-02-28 14:17:10',	NULL,	1),
(44,	5,	11,	'accepted',	55,	'2026-02-28 14:17:24',	NULL,	1),
(45,	5,	11,	'accepted',	56,	'2026-02-28 14:20:10',	NULL,	0),
(46,	5,	11,	'accepted',	57,	'2026-02-28 14:20:25',	NULL,	0),
(47,	5,	11,	'accepted',	58,	'2026-02-28 14:24:16',	NULL,	0),
(48,	5,	11,	'accepted',	59,	'2026-02-28 14:24:37',	NULL,	0),
(49,	5,	11,	'accepted',	60,	'2026-02-28 14:26:15',	NULL,	0);

DROP TABLE IF EXISTS `user_coupons`;
CREATE TABLE `user_coupons` (
  `id` int NOT NULL AUTO_INCREMENT,
  `user_id` int NOT NULL,
  `item_id` int NOT NULL,
  `coupon_code` varchar(50) NOT NULL,
  `qr_code_data` text,
  `status` enum('unused','used','expired') DEFAULT 'unused',
  `expires_at` timestamp NULL DEFAULT NULL,
  `redeemed_at` timestamp NULL DEFAULT CURRENT_TIMESTAMP,
  `used_at` timestamp NULL DEFAULT NULL,
  PRIMARY KEY (`id`),
  UNIQUE KEY `coupon_code` (`coupon_code`),
  KEY `user_id` (`user_id`),
  KEY `item_id` (`item_id`),
  CONSTRAINT `user_coupons_ibfk_1` FOREIGN KEY (`user_id`) REFERENCES `users` (`id`) ON DELETE CASCADE,
  CONSTRAINT `user_coupons_ibfk_2` FOREIGN KEY (`item_id`) REFERENCES `shop_items` (`id`) ON DELETE CASCADE
) ENGINE=InnoDB DEFAULT CHARSET=utf8mb4 COLLATE=utf8mb4_0900_ai_ci;

INSERT INTO `user_coupons` (`id`, `user_id`, `item_id`, `coupon_code`, `qr_code_data`, `status`, `expires_at`, `redeemed_at`, `used_at`) VALUES
(1,	7,	12,	'COUPON-A5AA708D',	'COUPON-A5AA708D',	'unused',	NULL,	'2026-02-21 17:35:13',	NULL),
(2,	6,	12,	'COUPON-B3CE7800',	'COUPON-B3CE7800',	'unused',	NULL,	'2026-02-21 17:41:46',	NULL),
(3,	2,	12,	'COUPON-4DB14650',	'COUPON-4DB14650',	'unused',	NULL,	'2026-02-23 05:20:35',	NULL),
(4,	2,	10,	'COUPON-8D6011C9',	'COUPON-8D6011C9',	'unused',	NULL,	'2026-02-23 05:20:47',	NULL),
(5,	8,	12,	'COUPON-12830E24',	'COUPON-12830E24',	'unused',	NULL,	'2026-02-23 05:21:59',	NULL),
(6,	5,	12,	'COUPON-18C6C834',	'COUPON-18C6C834',	'unused',	NULL,	'2026-02-23 05:37:00',	NULL);

DROP TABLE IF EXISTS `user_insights_cache`;
CREATE TABLE `user_insights_cache` (
  `id` int NOT NULL AUTO_INCREMENT,
  `user_id` int NOT NULL,
  `report_type` enum('personality_trend','social_report') NOT NULL,
  `report_data` json DEFAULT NULL,
  `generated_at` timestamp NULL DEFAULT CURRENT_TIMESTAMP ON UPDATE CURRENT_TIMESTAMP,
  PRIMARY KEY (`id`),
  UNIQUE KEY `unique_user_type` (`user_id`,`report_type`),
  CONSTRAINT `user_insights_cache_ibfk_1` FOREIGN KEY (`user_id`) REFERENCES `users` (`id`) ON DELETE CASCADE
) ENGINE=InnoDB DEFAULT CHARSET=utf8mb4 COLLATE=utf8mb4_0900_ai_ci;


DROP TABLE IF EXISTS `user_interests`;
CREATE TABLE `user_interests` (
  `user_id` int NOT NULL,
  `interest_id` int NOT NULL,
  `created_at` datetime DEFAULT CURRENT_TIMESTAMP,
  PRIMARY KEY (`user_id`,`interest_id`),
  KEY `interest_id` (`interest_id`),
  CONSTRAINT `user_interests_ibfk_1` FOREIGN KEY (`user_id`) REFERENCES `users` (`id`) ON DELETE CASCADE,
  CONSTRAINT `user_interests_ibfk_2` FOREIGN KEY (`interest_id`) REFERENCES `interests` (`id`) ON DELETE CASCADE
) ENGINE=InnoDB DEFAULT CHARSET=utf8mb4 COLLATE=utf8mb4_0900_ai_ci;


DROP TABLE IF EXISTS `user_locations`;
CREATE TABLE `user_locations` (
  `id` int NOT NULL AUTO_INCREMENT,
  `user_id` int NOT NULL,
  `latitude` decimal(10,8) NOT NULL,
  `longitude` decimal(11,8) NOT NULL,
  `accuracy` float DEFAULT NULL,
  `created_at` datetime DEFAULT CURRENT_TIMESTAMP,
  PRIMARY KEY (`id`),
  KEY `user_id` (`user_id`),
  CONSTRAINT `user_locations_ibfk_1` FOREIGN KEY (`user_id`) REFERENCES `users` (`id`) ON DELETE CASCADE
) ENGINE=InnoDB DEFAULT CHARSET=utf8mb4 COLLATE=utf8mb4_0900_ai_ci;

INSERT INTO `user_locations` (`id`, `user_id`, `latitude`, `longitude`, `accuracy`, `created_at`) VALUES
(1,	5,	22.25100509,	114.13859478,	9.88981,	'2026-02-27 16:30:30'),
(2,	5,	22.25100544,	114.13859277,	8.88788,	'2026-02-27 16:30:33'),
(3,	5,	22.25100566,	114.13859140,	8.12939,	'2026-02-27 16:30:37'),
(4,	5,	22.25100568,	114.13859142,	8.12926,	'2026-02-27 16:30:38'),
(5,	5,	22.25100568,	114.13859142,	8.12926,	'2026-02-27 16:30:41'),
(6,	5,	22.25100606,	114.13858919,	9.24921,	'2026-02-27 16:31:07'),
(7,	5,	22.25101060,	114.13858132,	8.86617,	'2026-02-27 16:38:37'),
(8,	11,	22.25100745,	114.13858394,	9.802,	'2026-02-27 16:39:24'),
(9,	5,	22.25100680,	114.13858494,	5.62971,	'2026-02-27 16:46:51'),
(10,	5,	22.25099383,	114.13863521,	9.40336,	'2026-02-27 16:49:20'),
(11,	5,	22.25100679,	114.13858435,	13.9894,	'2026-02-27 16:53:03'),
(12,	5,	22.25100681,	114.13858445,	10.354,	'2026-02-27 16:59:33'),
(13,	5,	22.25101686,	114.13860863,	10.7025,	'2026-02-27 17:11:32'),
(14,	11,	22.25101287,	114.13859903,	8.3505,	'2026-02-27 17:11:58'),
(15,	11,	22.25139340,	114.13828160,	63.868,	'2026-02-27 17:25:12'),
(16,	11,	22.25177760,	114.13800850,	16.808,	'2026-02-27 17:27:10'),
(17,	5,	37.78583400,	-122.40641700,	5,	'2026-02-27 17:39:47'),
(18,	5,	22.25077040,	114.13849700,	62.656,	'2026-02-27 18:13:43'),
(19,	5,	22.25081190,	114.13846800,	21.876,	'2026-02-27 18:16:50'),
(20,	5,	22.25089690,	114.13849350,	45.371,	'2026-02-27 18:17:55'),
(21,	5,	22.25086370,	114.13844560,	55.43,	'2026-02-27 18:19:12'),
(22,	5,	22.25086370,	114.13844560,	55.43,	'2026-02-27 18:19:12'),
(23,	5,	22.25173290,	114.13795070,	51.528,	'2026-02-27 18:31:13'),
(24,	5,	22.31932900,	114.16942300,	1,	'2026-02-27 18:37:57'),
(25,	5,	22.31932900,	114.16942300,	1,	'2026-02-27 18:39:14'),
(26,	5,	22.31932900,	114.16942300,	1,	'2026-02-27 18:39:37'),
(27,	5,	22.31932900,	114.16942300,	1,	'2026-02-27 18:40:24'),
(28,	5,	22.25173190,	114.13800050,	18.383,	'2026-02-27 18:42:27'),
(29,	5,	37.78583400,	-122.40641700,	5,	'2026-02-28 07:17:32'),
(30,	5,	22.31932900,	114.16942300,	1,	'2026-02-28 07:23:27'),
(31,	5,	22.31932900,	114.16942300,	1,	'2026-02-28 07:23:46'),
(32,	11,	22.25101384,	114.13858454,	13.851,	'2026-02-28 07:26:39'),
(33,	5,	22.25101666,	114.13859051,	19.9991,	'2026-02-28 07:27:58'),
(34,	11,	22.25100899,	114.13858759,	14.0029,	'2026-02-28 07:28:20'),
(35,	11,	22.25100907,	114.13858738,	14.0933,	'2026-02-28 07:28:54'),
(36,	5,	22.25101664,	114.13859059,	14.9656,	'2026-02-28 07:29:09'),
(37,	11,	22.25101664,	114.13859058,	8.75299,	'2026-02-28 07:44:56'),
(38,	5,	22.25100499,	114.13858495,	12.1911,	'2026-02-28 07:45:09'),
(39,	11,	22.25101665,	114.13859051,	11.3081,	'2026-02-28 07:45:51'),
(40,	11,	22.25101886,	114.13869163,	7.01976,	'2026-02-28 07:48:28'),
(41,	5,	22.25102439,	114.13857907,	3.97835,	'2026-02-28 07:49:18'),
(42,	11,	22.25102297,	114.13868538,	7.4659,	'2026-02-28 07:49:18'),
(43,	5,	22.25102238,	114.13857976,	3.7615,	'2026-02-28 07:49:54'),
(44,	11,	22.25102407,	114.13868386,	8.54905,	'2026-02-28 07:49:54'),
(45,	5,	22.25104533,	114.13853627,	2.82801,	'2026-02-28 07:51:08'),
(46,	11,	22.25103848,	114.13864393,	7.75585,	'2026-02-28 07:51:13'),
(47,	5,	22.25103942,	114.13854985,	4.73726,	'2026-02-28 07:53:32'),
(48,	11,	22.25103869,	114.13866044,	103.97,	'2026-02-28 07:53:44'),
(49,	5,	22.25100526,	114.13858247,	12.0511,	'2026-02-28 07:57:54'),
(50,	11,	22.25104040,	114.13865838,	18.3755,	'2026-02-28 07:57:55'),
(51,	5,	22.25102418,	114.13844764,	3.53081,	'2026-02-28 08:01:39'),
(52,	5,	22.25102573,	114.13844491,	3.23152,	'2026-02-28 08:01:53'),
(53,	5,	22.25102563,	114.13844763,	3.11126,	'2026-02-28 08:01:57'),
(54,	5,	22.25101484,	114.13857776,	11.4933,	'2026-02-28 08:03:09'),
(55,	11,	22.25103976,	114.13865961,	25.5899,	'2026-02-28 08:03:10'),
(56,	5,	22.25100295,	114.13862991,	9.46587,	'2026-02-28 08:08:53'),
(57,	11,	22.25104749,	114.13864370,	6.65439,	'2026-02-28 08:09:12'),
(58,	11,	22.25104717,	114.13864435,	5.68518,	'2026-02-28 08:09:34'),
(59,	5,	22.25095347,	114.13851392,	9.83345,	'2026-02-28 08:09:51'),
(60,	11,	22.25103985,	114.13865936,	15.4258,	'2026-02-28 08:10:45'),
(61,	5,	22.25100541,	114.13858572,	19.2861,	'2026-02-28 08:40:53'),
(62,	1,	22.25103345,	114.13865490,	9.16233,	'2026-02-28 08:41:29'),
(63,	5,	22.25100549,	114.13858586,	11.1548,	'2026-02-28 09:02:03'),
(64,	1,	22.25103976,	114.13865951,	19.4221,	'2026-02-28 09:02:31'),
(65,	5,	22.25100548,	114.13858582,	14.1788,	'2026-02-28 09:04:52'),
(66,	5,	22.25100541,	114.13858572,	6.60803,	'2026-02-28 09:09:13'),
(67,	1,	22.25101086,	114.13860343,	7.67748,	'2026-02-28 09:09:17'),
(68,	5,	22.25100823,	114.13859158,	14.2057,	'2026-02-28 09:14:24'),
(69,	1,	22.25104015,	114.13865313,	29.3105,	'2026-02-28 09:14:44'),
(70,	1,	22.25104016,	114.13865673,	19.7027,	'2026-02-28 09:15:41'),
(71,	5,	22.25102023,	114.13858788,	9.55543,	'2026-02-28 09:36:42'),
(72,	5,	22.25100571,	114.13858596,	14.0986,	'2026-02-28 09:44:28'),
(73,	11,	22.25103981,	114.13865941,	19.1218,	'2026-02-28 09:44:42'),
(74,	11,	22.25103981,	114.13865941,	14.2448,	'2026-02-28 09:46:48'),
(75,	5,	22.25100533,	114.13858288,	11.1076,	'2026-02-28 09:56:35'),
(76,	1,	22.25103978,	114.13865952,	17.0158,	'2026-02-28 09:56:53'),
(77,	11,	22.25103980,	114.13865944,	30.1677,	'2026-02-28 09:57:24'),
(78,	5,	22.25100542,	114.13858529,	7.54699,	'2026-02-28 09:57:51'),
(79,	5,	22.25100541,	114.13858564,	8.26428,	'2026-02-28 09:59:03'),
(80,	11,	22.25104305,	114.13865254,	11.7728,	'2026-02-28 09:59:16'),
(81,	11,	22.25104083,	114.13865623,	9.18907,	'2026-02-28 10:00:55'),
(82,	11,	22.25104057,	114.13865703,	8.70419,	'2026-02-28 10:02:25'),
(83,	1,	22.25105975,	114.13860292,	7.3514,	'2026-02-28 10:17:29'),
(84,	5,	22.25100617,	114.13858512,	17.2267,	'2026-02-28 10:17:34'),
(85,	5,	22.25100613,	114.13858459,	12.8772,	'2026-02-28 10:29:05'),
(86,	1,	22.25104243,	114.13864926,	22.1392,	'2026-02-28 10:29:34'),
(87,	5,	22.25100551,	114.13858550,	12.6083,	'2026-02-28 10:29:34'),
(88,	1,	22.25103817,	114.13861619,	10.1604,	'2026-02-28 10:30:36'),
(89,	5,	22.25100546,	114.13858557,	9.05762,	'2026-02-28 10:34:28'),
(90,	1,	22.25103982,	114.13864680,	8.20153,	'2026-02-28 10:34:43'),
(91,	5,	22.25098994,	114.13852036,	5.55182,	'2026-02-28 10:37:40'),
(92,	1,	22.25103983,	114.13865830,	16.0707,	'2026-02-28 10:37:44'),
(93,	5,	22.25100543,	114.13858564,	11.4379,	'2026-02-28 10:48:02'),
(94,	1,	22.25103984,	114.13865921,	7.25107,	'2026-02-28 10:48:08'),
(95,	5,	22.25100544,	114.13858562,	6.49955,	'2026-02-28 10:51:50'),
(96,	11,	22.25103984,	114.13865934,	22.4111,	'2026-02-28 10:52:02'),
(97,	5,	22.25100543,	114.13858564,	8.11329,	'2026-02-28 10:52:08'),
(98,	11,	22.25103984,	114.13865934,	24.8876,	'2026-02-28 10:52:17'),
(99,	5,	22.25100543,	114.13858563,	7.78635,	'2026-02-28 10:53:07'),
(100,	11,	22.25103984,	114.13865934,	16.1358,	'2026-02-28 10:53:16'),
(101,	11,	22.25103984,	114.13865934,	15.2874,	'2026-02-28 10:53:35'),
(102,	5,	22.25100550,	114.13858582,	10.3192,	'2026-02-28 11:07:12'),
(103,	11,	22.25103984,	114.13865934,	17.7082,	'2026-02-28 11:07:14'),
(104,	5,	22.25100543,	114.13858575,	7.01981,	'2026-02-28 11:09:09'),
(105,	5,	22.25100543,	114.13858574,	6.68939,	'2026-02-28 11:09:39'),
(106,	5,	22.25100542,	114.13858574,	6.04975,	'2026-02-28 11:10:37'),
(107,	11,	22.25103984,	114.13865934,	16.6767,	'2026-02-28 11:10:51'),
(108,	5,	22.25100543,	114.13858574,	5.56623,	'2026-02-28 11:11:23'),
(109,	11,	22.25103984,	114.13865934,	19.978,	'2026-02-28 11:11:32'),
(110,	11,	22.25103984,	114.13865934,	15.6527,	'2026-02-28 11:12:28'),
(111,	5,	22.25100361,	114.13858421,	12.1355,	'2026-02-28 12:17:47'),
(112,	11,	22.25103982,	114.13865933,	18.9049,	'2026-02-28 12:17:50'),
(113,	5,	22.25100362,	114.13858423,	9.77932,	'2026-02-28 12:25:52'),
(114,	11,	22.25103984,	114.13865934,	11.8536,	'2026-02-28 12:25:55'),
(115,	5,	22.25100360,	114.13858418,	9.30957,	'2026-02-28 12:26:25'),
(116,	11,	22.25103984,	114.13865934,	9.08537,	'2026-02-28 12:26:30'),
(117,	11,	22.25103984,	114.13865934,	5.90223,	'2026-02-28 12:34:55'),
(118,	5,	22.25100362,	114.13858422,	10.7698,	'2026-02-28 12:35:14'),
(119,	11,	22.25103983,	114.13865937,	9.82552,	'2026-02-28 12:44:44'),
(120,	5,	22.25100361,	114.13858420,	6.0805,	'2026-02-28 12:44:47'),
(121,	5,	22.25100363,	114.13858423,	10.5421,	'2026-02-28 12:45:49'),
(122,	11,	22.25103984,	114.13865936,	7.76084,	'2026-02-28 12:45:54'),
(123,	11,	22.25103984,	114.13865935,	6.07441,	'2026-02-28 12:47:22'),
(124,	5,	22.25100361,	114.13858419,	6.19821,	'2026-02-28 12:48:04'),
(125,	11,	22.25103984,	114.13865934,	5.9617,	'2026-02-28 12:48:24'),
(126,	11,	22.25103984,	114.13865934,	5.96205,	'2026-02-28 12:51:19'),
(127,	5,	22.25100360,	114.13858419,	4.14702,	'2026-02-28 12:51:22'),
(128,	11,	22.25103984,	114.13865934,	6.10665,	'2026-02-28 12:53:15'),
(129,	5,	22.25100360,	114.13858418,	5.84699,	'2026-02-28 12:53:15'),
(130,	11,	22.25103984,	114.13865934,	6.4633,	'2026-02-28 12:56:56'),
(131,	5,	22.25100362,	114.13858421,	5.99676,	'2026-02-28 12:56:57'),
(132,	5,	22.25100361,	114.13858420,	6.1477,	'2026-02-28 13:01:08'),
(133,	11,	22.25103984,	114.13865934,	6.362,	'2026-02-28 13:01:18'),
(134,	5,	22.25100361,	114.13858420,	5.29364,	'2026-02-28 13:01:51'),
(135,	11,	22.25103982,	114.13865942,	10.77,	'2026-02-28 13:02:03'),
(136,	5,	22.25100361,	114.13858419,	5.15714,	'2026-02-28 13:02:26'),
(137,	11,	22.25103983,	114.13865940,	9.48534,	'2026-02-28 13:02:27'),
(138,	5,	22.25100360,	114.13858419,	3.8542,	'2026-02-28 13:07:24'),
(139,	11,	22.25103984,	114.13865935,	5.68869,	'2026-02-28 13:07:26'),
(140,	11,	22.25103988,	114.13865936,	6.20346,	'2026-02-28 13:14:30'),
(141,	5,	22.25100363,	114.13858424,	8.32521,	'2026-02-28 13:14:38'),
(142,	11,	22.25103983,	114.13865937,	9.87588,	'2026-02-28 13:15:22'),
(143,	5,	22.25100358,	114.13858415,	15.83,	'2026-02-28 13:15:34'),
(144,	11,	22.25103984,	114.13865936,	8.31335,	'2026-02-28 13:15:53'),
(145,	5,	22.25100361,	114.13858420,	10.8992,	'2026-02-28 13:16:07'),
(146,	1,	22.25100362,	114.13858419,	5.69789,	'2026-02-28 13:20:10'),
(147,	11,	22.25103984,	114.13865934,	9.29149,	'2026-02-28 13:20:13'),
(148,	5,	22.25100371,	114.13858426,	9.89939,	'2026-02-28 13:26:55'),
(149,	11,	22.25103984,	114.13865934,	7.68474,	'2026-02-28 13:27:00'),
(150,	5,	22.25100369,	114.13858426,	9.65301,	'2026-02-28 13:39:33'),
(151,	11,	22.25103984,	114.13865934,	13.6127,	'2026-02-28 13:39:42'),
(152,	5,	22.25100361,	114.13858419,	8.73429,	'2026-02-28 13:45:53'),
(153,	11,	22.25103984,	114.13865934,	9.87739,	'2026-02-28 13:46:06'),
(154,	5,	22.25100361,	114.13858419,	8.94926,	'2026-02-28 13:46:31'),
(155,	5,	22.25100361,	114.13858419,	8.94926,	'2026-02-28 13:46:35'),
(156,	11,	22.25103984,	114.13865934,	9.9359,	'2026-02-28 13:46:45'),
(157,	5,	22.25100370,	114.13858431,	21.1067,	'2026-02-28 13:53:01'),
(158,	11,	22.25103984,	114.13865934,	12.7984,	'2026-02-28 13:53:49'),
(159,	11,	22.25103983,	114.13865937,	8.0222,	'2026-02-28 14:09:42'),
(160,	5,	22.25100361,	114.13858419,	9.656,	'2026-02-28 14:09:42'),
(161,	5,	22.25100361,	114.13858418,	9.35378,	'2026-02-28 14:10:35'),
(162,	5,	22.25100367,	114.13858426,	11.377,	'2026-02-28 14:12:25'),
(163,	5,	22.25100363,	114.13858421,	5.75064,	'2026-02-28 14:15:30'),
(164,	11,	22.25103984,	114.13865935,	13.0369,	'2026-02-28 14:15:42'),
(165,	5,	22.25100362,	114.13858419,	9.22803,	'2026-02-28 14:17:06'),
(166,	5,	22.25100361,	114.13858418,	6.29501,	'2026-02-28 14:19:57'),
(167,	5,	22.25100361,	114.13858418,	6.48435,	'2026-02-28 14:24:10'),
(168,	5,	22.25100361,	114.13858418,	5.42358,	'2026-02-28 14:25:59');

DROP TABLE IF EXISTS `user_redemptions`;
CREATE TABLE `user_redemptions` (
  `id` int NOT NULL AUTO_INCREMENT,
  `user_id` int NOT NULL,
  `item_id` int NOT NULL,
  `status` enum('pending','redeemed','shipped','cancelled') CHARACTER SET utf8mb4 COLLATE utf8mb4_unicode_ci DEFAULT 'pending',
  `redeemed_at` timestamp NULL DEFAULT NULL,
  `created_at` timestamp NULL DEFAULT CURRENT_TIMESTAMP,
  PRIMARY KEY (`id`),
  KEY `idx_user` (`user_id`),
  KEY `idx_item` (`item_id`)
) ENGINE=InnoDB DEFAULT CHARSET=utf8mb4 COLLATE=utf8mb4_unicode_ci;

INSERT INTO `user_redemptions` (`id`, `user_id`, `item_id`, `status`, `redeemed_at`, `created_at`) VALUES
(1,	1,	3,	'redeemed',	'2026-02-21 17:05:36',	'2026-02-21 17:05:36');

DROP TABLE IF EXISTS `user_scenarios`;
CREATE TABLE `user_scenarios` (
  `id` int NOT NULL AUTO_INCREMENT,
  `user_id` int NOT NULL,
  `target_user_id` int NOT NULL,
  `scenario_data` json DEFAULT NULL,
  `status` enum('active','completed','expired') DEFAULT 'active',
  `created_at` timestamp NULL DEFAULT CURRENT_TIMESTAMP,
  `completed_at` timestamp NULL DEFAULT NULL,
  `tasks_status` json DEFAULT NULL COMMENT '記錄每個任務嘅雙方完成狀態',
  PRIMARY KEY (`id`),
  KEY `target_user_id` (`target_user_id`),
  KEY `idx_users` (`user_id`,`target_user_id`),
  CONSTRAINT `user_scenarios_ibfk_1` FOREIGN KEY (`user_id`) REFERENCES `users` (`id`) ON DELETE CASCADE,
  CONSTRAINT `user_scenarios_ibfk_2` FOREIGN KEY (`target_user_id`) REFERENCES `users` (`id`) ON DELETE CASCADE
) ENGINE=InnoDB DEFAULT CHARSET=utf8mb4 COLLATE=utf8mb4_0900_ai_ci;


DROP TABLE IF EXISTS `user_tasks`;
CREATE TABLE `user_tasks` (
  `id` int NOT NULL AUTO_INCREMENT,
  `user_id` int NOT NULL,
  `task_id` int NOT NULL,
  `started_at` timestamp NULL DEFAULT CURRENT_TIMESTAMP,
  `completed_at` timestamp NULL DEFAULT NULL,
  `current_progress` int DEFAULT '0',
  `user_status` enum('not_started','in_progress','completed') CHARACTER SET utf8mb4 COLLATE utf8mb4_unicode_ci DEFAULT 'not_started',
  PRIMARY KEY (`id`),
  UNIQUE KEY `unique_user_task` (`user_id`,`task_id`),
  KEY `idx_task` (`task_id`)
) ENGINE=InnoDB DEFAULT CHARSET=utf8mb4 COLLATE=utf8mb4_unicode_ci;

INSERT INTO `user_tasks` (`id`, `user_id`, `task_id`, `started_at`, `completed_at`, `current_progress`, `user_status`) VALUES
(1,	1,	1,	'2026-02-03 04:36:38',	NULL,	0,	'in_progress'),
(2,	1,	2,	'2026-02-03 04:36:38',	'2026-02-03 04:44:51',	1,	'completed'),
(3,	1,	3,	'2026-02-03 04:36:38',	'2026-02-03 04:44:37',	1,	'completed'),
(4,	1,	4,	'2026-02-03 04:36:38',	'2026-02-03 04:51:33',	1,	'completed'),
(5,	1,	5,	'2026-02-03 04:36:38',	'2026-02-03 05:22:23',	1,	'completed'),
(6,	1,	6,	'2026-02-03 04:36:38',	NULL,	0,	'in_progress'),
(7,	1,	7,	'2026-02-03 04:36:38',	'2026-02-03 04:39:27',	1,	'completed'),
(8,	1,	8,	'2026-02-03 04:36:38',	NULL,	0,	'in_progress'),
(9,	1,	9,	'2026-02-03 04:36:38',	NULL,	0,	'in_progress'),
(10,	1,	10,	'2026-02-03 04:36:38',	NULL,	0,	'in_progress'),
(11,	1,	11,	'2026-02-03 04:36:38',	NULL,	0,	'in_progress'),
(12,	1,	12,	'2026-02-03 04:36:38',	NULL,	0,	'in_progress'),
(13,	1,	13,	'2026-02-03 04:36:38',	NULL,	0,	'in_progress'),
(14,	1,	14,	'2026-02-03 04:36:38',	NULL,	0,	'in_progress'),
(15,	1,	15,	'2026-02-03 04:36:38',	NULL,	0,	'in_progress'),
(16,	1,	16,	'2026-02-03 04:36:38',	NULL,	0,	'in_progress'),
(17,	2,	1,	'2026-02-03 04:40:36',	'2026-02-03 04:41:20',	1,	'completed'),
(18,	2,	2,	'2026-02-03 04:40:36',	'2026-02-23 13:09:51',	1,	'completed'),
(19,	2,	3,	'2026-02-03 04:40:36',	'2026-02-03 04:47:22',	1,	'completed'),
(20,	2,	4,	'2026-02-03 04:40:36',	'2026-02-03 04:53:09',	1,	'completed'),
(21,	2,	5,	'2026-02-03 04:40:36',	NULL,	0,	'in_progress'),
(22,	2,	6,	'2026-02-03 04:40:36',	NULL,	0,	'in_progress'),
(23,	2,	7,	'2026-02-03 04:40:36',	'2026-02-03 04:40:57',	1,	'completed'),
(24,	2,	8,	'2026-02-03 04:40:36',	NULL,	0,	'in_progress'),
(25,	2,	9,	'2026-02-03 04:40:36',	NULL,	0,	'in_progress'),
(26,	2,	10,	'2026-02-03 04:40:36',	NULL,	0,	'in_progress'),
(27,	2,	11,	'2026-02-03 04:40:36',	NULL,	0,	'in_progress'),
(28,	2,	12,	'2026-02-03 04:40:36',	NULL,	0,	'in_progress'),
(29,	2,	13,	'2026-02-03 04:40:36',	NULL,	0,	'in_progress'),
(30,	2,	14,	'2026-02-03 04:40:36',	NULL,	0,	'in_progress'),
(31,	2,	15,	'2026-02-03 04:40:36',	NULL,	5,	'completed'),
(32,	2,	16,	'2026-02-03 04:40:36',	NULL,	0,	'in_progress'),
(33,	3,	1,	'2026-02-03 04:41:59',	NULL,	0,	'in_progress'),
(34,	3,	2,	'2026-02-03 04:41:59',	'2026-02-21 13:46:01',	1,	'completed'),
(35,	3,	3,	'2026-02-03 04:41:59',	'2026-02-21 13:46:01',	1,	'completed'),
(36,	3,	4,	'2026-02-03 04:41:59',	'2026-02-03 05:21:42',	1,	'completed'),
(37,	3,	5,	'2026-02-03 04:41:59',	NULL,	0,	'in_progress'),
(38,	3,	6,	'2026-02-03 04:41:59',	NULL,	0,	'in_progress'),
(39,	3,	7,	'2026-02-03 04:41:59',	NULL,	0,	'in_progress'),
(40,	3,	8,	'2026-02-03 04:41:59',	NULL,	0,	'in_progress'),
(41,	3,	9,	'2026-02-03 04:41:59',	NULL,	0,	'in_progress'),
(42,	3,	10,	'2026-02-03 04:41:59',	NULL,	0,	'in_progress'),
(43,	3,	11,	'2026-02-03 04:41:59',	NULL,	0,	'in_progress'),
(44,	3,	12,	'2026-02-03 04:41:59',	NULL,	0,	'in_progress'),
(45,	3,	13,	'2026-02-03 04:41:59',	NULL,	0,	'in_progress'),
(46,	3,	14,	'2026-02-03 04:41:59',	NULL,	0,	'in_progress'),
(47,	3,	15,	'2026-02-03 04:41:59',	NULL,	1,	'in_progress'),
(48,	3,	16,	'2026-02-03 04:41:59',	NULL,	0,	'in_progress'),
(49,	4,	1,	'2026-02-03 04:43:06',	NULL,	0,	'in_progress'),
(50,	4,	2,	'2026-02-03 04:43:06',	'2026-02-03 04:45:19',	1,	'completed'),
(51,	4,	3,	'2026-02-03 04:43:06',	'2026-02-03 04:44:58',	1,	'completed'),
(52,	4,	4,	'2026-02-03 04:43:06',	NULL,	0,	'in_progress'),
(53,	4,	5,	'2026-02-03 04:43:06',	'2026-02-03 05:22:58',	1,	'completed'),
(54,	4,	6,	'2026-02-03 04:43:06',	NULL,	0,	'in_progress'),
(55,	4,	7,	'2026-02-03 04:43:06',	'2026-02-03 04:43:35',	1,	'completed'),
(56,	4,	8,	'2026-02-03 04:43:06',	NULL,	0,	'in_progress'),
(57,	4,	9,	'2026-02-03 04:43:06',	NULL,	0,	'in_progress'),
(58,	4,	10,	'2026-02-03 04:43:06',	NULL,	0,	'in_progress'),
(59,	4,	11,	'2026-02-03 04:43:06',	NULL,	0,	'in_progress'),
(60,	4,	12,	'2026-02-03 04:43:06',	NULL,	0,	'in_progress'),
(61,	4,	13,	'2026-02-03 04:43:06',	NULL,	0,	'in_progress'),
(62,	4,	14,	'2026-02-03 04:43:06',	NULL,	0,	'in_progress'),
(63,	4,	15,	'2026-02-03 04:43:06',	NULL,	1,	'in_progress'),
(64,	4,	16,	'2026-02-03 04:43:06',	NULL,	0,	'in_progress'),
(65,	5,	1,	'2026-02-19 13:21:37',	NULL,	0,	'in_progress'),
(66,	5,	2,	'2026-02-19 13:21:37',	'2026-02-21 13:44:37',	1,	'completed'),
(67,	5,	3,	'2026-02-19 13:21:37',	'2026-02-21 13:44:22',	1,	'completed'),
(68,	5,	4,	'2026-02-19 13:21:37',	'2026-02-26 11:33:08',	1,	'completed'),
(69,	5,	5,	'2026-02-19 13:21:37',	'2026-02-21 13:49:09',	1,	'completed'),
(70,	5,	6,	'2026-02-19 13:21:37',	NULL,	0,	'in_progress'),
(71,	5,	7,	'2026-02-19 13:21:37',	NULL,	0,	'in_progress'),
(72,	5,	8,	'2026-02-19 13:21:37',	NULL,	1,	'in_progress'),
(73,	5,	9,	'2026-02-19 13:21:37',	NULL,	1,	'in_progress'),
(74,	5,	10,	'2026-02-19 13:21:37',	NULL,	1,	'in_progress'),
(75,	5,	11,	'2026-02-19 13:21:37',	NULL,	1,	'in_progress'),
(76,	5,	12,	'2026-02-19 13:21:37',	NULL,	1,	'in_progress'),
(77,	5,	13,	'2026-02-19 13:21:37',	NULL,	1,	'in_progress'),
(78,	5,	14,	'2026-02-19 13:21:37',	NULL,	1,	'in_progress'),
(79,	5,	15,	'2026-02-19 13:21:37',	NULL,	5,	'completed'),
(80,	5,	16,	'2026-02-19 13:21:37',	NULL,	0,	'in_progress'),
(81,	6,	1,	'2026-02-21 05:59:05',	NULL,	0,	'in_progress'),
(82,	6,	2,	'2026-02-21 05:59:05',	'2026-02-21 14:46:57',	1,	'completed'),
(83,	6,	3,	'2026-02-21 05:59:05',	'2026-02-21 14:46:57',	1,	'completed'),
(84,	6,	4,	'2026-02-21 05:59:05',	NULL,	0,	'in_progress'),
(85,	6,	5,	'2026-02-21 05:59:05',	NULL,	0,	'in_progress'),
(86,	6,	6,	'2026-02-21 05:59:05',	NULL,	0,	'in_progress'),
(87,	6,	7,	'2026-02-21 05:59:05',	NULL,	0,	'in_progress'),
(88,	6,	8,	'2026-02-21 05:59:05',	NULL,	0,	'in_progress'),
(89,	6,	9,	'2026-02-21 05:59:05',	NULL,	0,	'in_progress'),
(90,	6,	10,	'2026-02-21 05:59:05',	NULL,	0,	'in_progress'),
(91,	6,	11,	'2026-02-21 05:59:05',	NULL,	0,	'in_progress'),
(92,	6,	12,	'2026-02-21 05:59:05',	NULL,	0,	'in_progress'),
(93,	6,	13,	'2026-02-21 05:59:05',	NULL,	0,	'in_progress'),
(94,	6,	14,	'2026-02-21 05:59:05',	NULL,	0,	'in_progress'),
(95,	6,	15,	'2026-02-21 05:59:05',	NULL,	0,	'in_progress'),
(96,	6,	16,	'2026-02-21 05:59:05',	NULL,	0,	'in_progress'),
(97,	7,	1,	'2026-02-21 06:44:37',	NULL,	0,	'in_progress'),
(98,	7,	2,	'2026-02-21 06:44:37',	'2026-02-21 14:48:24',	1,	'completed'),
(99,	7,	3,	'2026-02-21 06:44:37',	'2026-02-21 14:47:06',	1,	'completed'),
(100,	7,	4,	'2026-02-21 06:44:37',	NULL,	0,	'in_progress'),
(101,	7,	5,	'2026-02-21 06:44:37',	NULL,	0,	'in_progress'),
(102,	7,	6,	'2026-02-21 06:44:37',	NULL,	0,	'in_progress'),
(103,	7,	7,	'2026-02-21 06:44:37',	NULL,	0,	'in_progress'),
(104,	7,	8,	'2026-02-21 06:44:37',	NULL,	0,	'in_progress'),
(105,	7,	9,	'2026-02-21 06:44:37',	NULL,	0,	'in_progress'),
(106,	7,	10,	'2026-02-21 06:44:37',	NULL,	0,	'in_progress'),
(107,	7,	11,	'2026-02-21 06:44:37',	NULL,	0,	'in_progress'),
(108,	7,	12,	'2026-02-21 06:44:37',	NULL,	0,	'in_progress'),
(109,	7,	13,	'2026-02-21 06:44:37',	NULL,	0,	'in_progress'),
(110,	7,	14,	'2026-02-21 06:44:37',	NULL,	0,	'in_progress'),
(111,	7,	15,	'2026-02-21 06:44:37',	NULL,	3,	'in_progress'),
(112,	7,	16,	'2026-02-21 06:44:37',	NULL,	0,	'in_progress'),
(113,	8,	1,	'2026-02-21 08:25:09',	NULL,	0,	'in_progress'),
(114,	8,	2,	'2026-02-21 08:25:09',	'2026-02-21 16:32:12',	1,	'completed'),
(115,	8,	3,	'2026-02-21 08:25:09',	'2026-02-21 16:31:36',	1,	'completed'),
(116,	8,	4,	'2026-02-21 08:25:09',	NULL,	0,	'in_progress'),
(117,	8,	5,	'2026-02-21 08:25:09',	NULL,	0,	'in_progress'),
(118,	8,	6,	'2026-02-21 08:25:09',	NULL,	0,	'in_progress'),
(119,	8,	7,	'2026-02-21 08:25:09',	NULL,	0,	'in_progress'),
(120,	8,	8,	'2026-02-21 08:25:09',	NULL,	0,	'in_progress'),
(121,	8,	9,	'2026-02-21 08:25:09',	NULL,	0,	'in_progress'),
(122,	8,	10,	'2026-02-21 08:25:09',	NULL,	0,	'in_progress'),
(123,	8,	11,	'2026-02-21 08:25:09',	NULL,	0,	'in_progress'),
(124,	8,	12,	'2026-02-21 08:25:09',	NULL,	0,	'in_progress'),
(125,	8,	13,	'2026-02-21 08:25:09',	NULL,	0,	'in_progress'),
(126,	8,	14,	'2026-02-21 08:25:09',	NULL,	0,	'in_progress'),
(127,	8,	15,	'2026-02-21 08:25:09',	NULL,	0,	'in_progress'),
(128,	8,	16,	'2026-02-21 08:25:09',	NULL,	0,	'in_progress'),
(129,	9,	1,	'2026-02-21 08:25:27',	NULL,	0,	'in_progress'),
(130,	9,	2,	'2026-02-21 08:25:27',	NULL,	0,	'in_progress'),
(131,	9,	3,	'2026-02-21 08:25:27',	NULL,	0,	'in_progress'),
(132,	9,	4,	'2026-02-21 08:25:27',	NULL,	0,	'in_progress'),
(133,	9,	5,	'2026-02-21 08:25:27',	NULL,	0,	'in_progress'),
(134,	9,	6,	'2026-02-21 08:25:27',	NULL,	0,	'in_progress'),
(135,	9,	7,	'2026-02-21 08:25:27',	NULL,	0,	'in_progress'),
(136,	9,	8,	'2026-02-21 08:25:27',	NULL,	0,	'in_progress'),
(137,	9,	9,	'2026-02-21 08:25:27',	NULL,	0,	'in_progress'),
(138,	9,	10,	'2026-02-21 08:25:27',	NULL,	0,	'in_progress'),
(139,	9,	11,	'2026-02-21 08:25:27',	NULL,	0,	'in_progress'),
(140,	9,	12,	'2026-02-21 08:25:27',	NULL,	0,	'in_progress'),
(141,	9,	13,	'2026-02-21 08:25:27',	NULL,	0,	'in_progress'),
(142,	9,	14,	'2026-02-21 08:25:27',	NULL,	0,	'in_progress'),
(143,	9,	15,	'2026-02-21 08:25:27',	NULL,	0,	'in_progress'),
(144,	9,	16,	'2026-02-21 08:25:27',	NULL,	0,	'in_progress'),
(145,	10,	1,	'2026-02-23 04:34:37',	NULL,	0,	'in_progress'),
(146,	10,	2,	'2026-02-23 04:34:37',	NULL,	0,	'in_progress'),
(147,	10,	3,	'2026-02-23 04:34:37',	'2026-02-23 12:36:33',	1,	'completed'),
(148,	10,	4,	'2026-02-23 04:34:37',	NULL,	0,	'in_progress'),
(149,	10,	5,	'2026-02-23 04:34:37',	NULL,	0,	'in_progress'),
(150,	10,	6,	'2026-02-23 04:34:37',	NULL,	0,	'in_progress'),
(151,	10,	7,	'2026-02-23 04:34:37',	NULL,	0,	'in_progress'),
(152,	10,	8,	'2026-02-23 04:34:37',	NULL,	0,	'in_progress'),
(153,	10,	9,	'2026-02-23 04:34:37',	NULL,	0,	'in_progress'),
(154,	10,	10,	'2026-02-23 04:34:37',	NULL,	0,	'in_progress'),
(155,	10,	11,	'2026-02-23 04:34:37',	NULL,	0,	'in_progress'),
(156,	10,	12,	'2026-02-23 04:34:37',	NULL,	0,	'in_progress'),
(157,	10,	13,	'2026-02-23 04:34:37',	NULL,	0,	'in_progress'),
(158,	10,	14,	'2026-02-23 04:34:37',	NULL,	0,	'in_progress'),
(159,	10,	15,	'2026-02-23 04:34:37',	NULL,	0,	'in_progress'),
(160,	10,	16,	'2026-02-23 04:34:37',	NULL,	0,	'in_progress'),
(161,	11,	1,	'2026-02-26 13:58:41',	NULL,	0,	'in_progress'),
(162,	11,	2,	'2026-02-26 13:58:41',	'2026-02-28 19:12:14',	1,	'completed'),
(163,	11,	3,	'2026-02-26 13:58:41',	'2026-02-27 00:19:08',	1,	'completed'),
(164,	11,	4,	'2026-02-26 13:58:41',	NULL,	0,	'in_progress'),
(165,	11,	5,	'2026-02-26 13:58:41',	NULL,	0,	'in_progress'),
(166,	11,	6,	'2026-02-26 13:58:41',	NULL,	0,	'in_progress'),
(167,	11,	7,	'2026-02-26 13:58:41',	NULL,	0,	'in_progress'),
(168,	11,	8,	'2026-02-26 13:58:41',	NULL,	1,	'in_progress'),
(169,	11,	9,	'2026-02-26 13:58:41',	NULL,	1,	'in_progress'),
(170,	11,	10,	'2026-02-26 13:58:41',	NULL,	1,	'in_progress'),
(171,	11,	11,	'2026-02-26 13:58:41',	NULL,	1,	'in_progress'),
(172,	11,	12,	'2026-02-26 13:58:41',	NULL,	1,	'in_progress'),
(173,	11,	13,	'2026-02-26 13:58:41',	NULL,	1,	'in_progress'),
(174,	11,	14,	'2026-02-26 13:58:41',	NULL,	1,	'in_progress'),
(175,	11,	15,	'2026-02-26 13:58:41',	NULL,	2,	'in_progress'),
(176,	11,	16,	'2026-02-26 13:58:41',	NULL,	0,	'in_progress');

DROP TABLE IF EXISTS `users`;
CREATE TABLE `users` (
  `id` int NOT NULL AUTO_INCREMENT,
  `points` int DEFAULT '0',
  `username` varchar(50) CHARACTER SET utf8mb4 COLLATE utf8mb4_unicode_ci NOT NULL,
  `password` varchar(255) CHARACTER SET utf8mb4 COLLATE utf8mb4_unicode_ci NOT NULL,
  `email` varchar(100) CHARACTER SET utf8mb4 COLLATE utf8mb4_unicode_ci DEFAULT NULL,
  `avatar` varchar(255) CHARACTER SET utf8mb4 COLLATE utf8mb4_unicode_ci DEFAULT '/uploads/avatars/default.png',
  `mbti` varchar(4) DEFAULT NULL,
  `status` varchar(255) DEFAULT NULL,
  `last_active` timestamp NULL DEFAULT NULL,
  `bio` text,
  `expo_push_token` varchar(255) DEFAULT NULL,
  PRIMARY KEY (`id`)
) ENGINE=InnoDB DEFAULT CHARSET=utf8mb4 COLLATE=utf8mb4_0900_ai_ci;

INSERT INTO `users` (`id`, `points`, `username`, `password`, `email`, `avatar`, `mbti`, `status`, `last_active`, `bio`, `expo_push_token`) VALUES
(1,	1800,	'Sam',	'$2b$10$DTZDqblK.FEcpEo2C6d52ukSw.Z.wIUMQ.m9kma6S9ZOMKPcbIoUK',	'sam@gmail.com',	'/uploads/avatars/1770093565758-79996471.jpg',	NULL,	NULL,	'2026-02-23 05:17:23',	NULL,	NULL),
(2,	1650,	'Mary',	'$2b$10$4TwqQwZSkFrxJ8lkvegnqu1fzoIqsQ81.w6BkLy19M2N487yB.CeK',	'mary@gmail.com',	'/uploads/avatars/1770093656449-439741123.jpg',	'ISTJ',	NULL,	'2026-02-23 05:17:14',	NULL,	NULL),
(3,	800,	'Tom',	'$2b$10$kw/UEj.3pY.z.7p7ZVJ0befkpstffE1YZlTjL9h/a.yBspI1bKF2C',	'tom@gmail.com',	'/uploads/avatars/default.png',	NULL,	NULL,	'2026-02-21 05:45:56',	NULL,	NULL),
(4,	900,	'Ben',	'$2b$10$UXdiXg.9WklPpuXkmQ8AqeoIOCN8SU.FPRsp54WyTVQrHhiMn6JRq',	'ben@gmail.com',	'/uploads/avatars/1770093813166-972135021.jpg',	NULL,	NULL,	'2026-02-23 05:42:13',	NULL,	NULL),
(5,	12560,	'hong',	'$2b$10$D3FCQaTE7Lt6wfJ/sAR53Og3QVWD4kw/W3fYnGD3P2A4KUk/RyH9i',	'hong@gmail.com	',	'/uploads/avatars/default.png',	NULL,	NULL,	'2026-02-28 14:16:49',	NULL,	NULL),
(6,	600,	'good',	'$2b$10$7b1Po.fmuae9rK9MR3LfL.GyvNFjkyOCbqTi9aqiEmN.aG4ixHXgC',	'good@gmail.com',	'/uploads/avatars/default.png',	NULL,	NULL,	'2026-02-21 08:19:11',	NULL,	NULL),
(7,	600,	'bad',	'$2b$10$v.7H8CA.McUpDTSmOt5iGeDBlthV1x4I3s.nlIb4DRW8Ex9O8N07i',	'bad@gmail.com',	'/uploads/avatars/default.png',	NULL,	NULL,	'2026-02-21 07:57:31',	NULL,	NULL),
(8,	600,	'user1',	'$2b$10$7GUYmDoGvnJExiwqUnyo1OMCZf5MAwBAEFbnMsIQElHk1MWnSK9n2',	'asdf@gmail.com',	'/uploads/avatars/default.png',	NULL,	NULL,	'2026-02-23 05:26:26',	NULL,	NULL),
(9,	0,	'user2',	'$2b$10$OqmJMHsDL0wMO.YeC6s26OS/KOSBAtzVzN.vxZiR7NlI2pLy1Fgq2',	'asdfasdf@gmail.com',	'/uploads/avatars/default.png',	NULL,	NULL,	NULL,	NULL,	NULL),
(10,	500,	'asdfasdf',	'$2b$10$WfBtPiYIKBmZiOEF2y6VV.ah3e0LNdaSo2euBIjocfyXH35rn8opC',	'asdf1@gmail.com',	'/uploads/avatars/default.png',	NULL,	NULL,	'2026-02-23 04:36:00',	NULL,	NULL),
(11,	3560,	'pull123',	'$2b$10$HiEBcqxaQHYqAmtA9UUGcu6jX41pOHI4oJZoEoyqgh9jQg21r/wj2',	'goodasdf@gmail.com',	'/uploads/avatars/default.png',	NULL,	NULL,	'2026-02-28 14:16:16',	NULL,	NULL);

-- 2026-02-28 14:27:52 UTC
